created_at,entry_id,field1,field2,field3,field4,field5,latitude,longitude,elevation,status
2026-01-16T13:41:27+05:30,1,23.00000,23.00000,22.00000,22.00000,22.00000,,,,
2026-01-16T13:41:48+05:30,2,23.25000,23.00000,22.25000,22.50000,22.00000,,,,
2026-01-16T13:42:08+05:30,3,22.75000,23.50000,22.00000,22.25000,22.00000,,,,
2026-01-16T13:42:30+05:30,4,23.50000,23.50000,22.25000,22.25000,22.25000,,,,
2026-01-16T13:42:50+05:30,5,23.75000,23.50000,22.50000,22.50000,21.50000,,,,
2026-01-16T13:43:11+05:30,6,24.25000,23.75000,21.75000,22.50000,22.00000,,,,
2026-01-16T13:43:32+05:30,7,25.00000,24.50000,22.50000,22.75000,22.00000,,,,
2026-01-16T13:43:53+05:30,8,26.50000,25.00000,23.25000,22.75000,22.50000,,,,
2026-01-16T13:44:14+05:30,9,27.75000,26.00000,23.50000,22.75000,22.00000,,,,
2026-01-16T13:44:35+05:30,10,28.50000,26.25000,23.50000,23.00000,22.25000,,,,
2026-01-16T13:44:56+05:30,11,30.50000,27.50000,24.00000,22.75000,23.25000,,,,
2026-01-16T13:45:18+05:30,12,32.00000,28.25000,24.50000,23.25000,23.50000,,,,
2026-01-16T13:45:41+05:30,13,33.50000,29.00000,25.00000,22.50000,24.25000,,,,
2026-01-16T13:46:02+05:30,14,34.25000,30.00000,25.25000,23.75000,25.00000,,,,
2026-01-16T13:46:23+05:30,15,35.75000,29.75000,25.75000,23.75000,25.00000,,,,
2026-01-16T13:46:44+05:30,16,36.50000,31.25000,26.75000,23.25000,26.00000,,,,
2026-01-16T13:47:05+05:30,17,37.25000,31.75000,27.25000,23.75000,25.75000,,,,
2026-01-16T13:47:26+05:30,18,38.75000,32.00000,27.25000,24.00000,27.00000,,,,
2026-01-16T13:47:47+05:30,19,39.75000,32.00000,28.00000,23.50000,27.75000,,,,
2026-01-16T13:48:08+05:30,20,40.50000,32.75000,28.75000,24.00000,27.25000,,,,
2026-01-16T13:48:29+05:30,21,41.50000,33.00000,29.25000,24.00000,28.50000,,,,
2026-01-16T13:48:50+05:30,22,41.75000,33.25000,29.50000,24.25000,28.75000,,,,
2026-01-16T13:49:11+05:30,23,42.25000,34.00000,30.50000,24.75000,29.75000,,,,
2026-01-16T13:49:32+05:30,24,42.25000,33.75000,30.50000,24.00000,30.00000,,,,
2026-01-16T13:49:53+05:30,25,42.25000,34.25000,31.25000,24.75000,31.00000,,,,
2026-01-16T13:50:14+05:30,26,43.50000,34.50000,31.75000,24.25000,31.50000,,,,
2026-01-16T13:50:34+05:30,27,43.50000,34.75000,32.00000,24.75000,32.25000,,,,
2026-01-16T13:50:55+05:30,28,43.75000,35.00000,32.25000,25.00000,32.00000,,,,
2026-01-16T13:51:16+05:30,29,44.50000,34.50000,33.00000,25.00000,32.50000,,,,
2026-01-16T13:51:37+05:30,30,44.50000,35.00000,33.25000,25.00000,33.75000,,,,
2026-01-16T13:51:58+05:30,31,44.75000,35.00000,34.25000,24.75000,34.00000,,,,
2026-01-16T13:52:19+05:30,32,44.75000,35.75000,33.75000,24.50000,34.00000,,,,
2026-01-16T13:52:40+05:30,33,45.50000,36.00000,34.75000,24.50000,34.00000,,,,
2026-01-16T13:53:01+05:30,34,45.25000,36.00000,34.50000,24.25000,34.25000,,,,
2026-01-16T13:53:22+05:30,35,43.75000,35.50000,35.75000,24.25000,35.00000,,,,
2026-01-16T13:53:43+05:30,36,42.75000,34.75000,36.00000,24.00000,35.00000,,,,
2026-01-16T13:54:04+05:30,37,43.75000,35.25000,36.00000,24.25000,34.50000,,,,
2026-01-16T13:54:25+05:30,38,43.75000,35.75000,37.00000,24.75000,35.00000,,,,
2026-01-16T13:54:46+05:30,39,44.75000,36.25000,36.75000,24.50000,35.00000,,,,
2026-01-16T13:55:07+05:30,40,45.25000,36.25000,37.50000,24.25000,35.50000,,,,
2026-01-16T13:55:28+05:30,41,46.00000,36.75000,38.00000,24.50000,35.75000,,,,
2026-01-16T13:55:49+05:30,42,46.75000,36.25000,38.00000,24.50000,35.75000,,,,
2026-01-16T13:56:10+05:30,43,47.00000,36.00000,38.00000,24.50000,35.75000,,,,
2026-01-16T13:56:31+05:30,44,46.50000,36.25000,38.75000,24.75000,35.50000,,,,
2026-01-16T13:56:52+05:30,45,46.00000,36.25000,39.00000,24.75000,36.50000,,,,
2026-01-16T13:57:13+05:30,46,47.00000,36.75000,39.25000,24.75000,36.00000,,,,
2026-01-16T13:57:34+05:30,47,47.00000,37.00000,39.50000,24.75000,36.75000,,,,
2026-01-16T13:57:55+05:30,48,47.00000,36.75000,39.75000,24.50000,36.50000,,,,
2026-01-16T13:58:16+05:30,49,46.50000,36.50000,40.00000,24.25000,37.00000,,,,
2026-01-16T13:58:37+05:30,50,47.00000,36.75000,40.25000,24.50000,36.50000,,,,
2026-01-16T13:58:58+05:30,51,47.25000,37.25000,40.00000,24.25000,36.50000,,,,
2026-01-16T13:59:18+05:30,52,46.75000,36.75000,40.50000,24.00000,36.50000,,,,
2026-01-16T13:59:39+05:30,53,47.50000,37.00000,40.25000,24.50000,37.00000,,,,
2026-01-16T14:00:00+05:30,54,47.25000,36.75000,40.75000,24.75000,37.00000,,,,
2026-01-16T14:00:21+05:30,55,47.50000,36.50000,41.50000,24.50000,36.50000,,,,
2026-01-16T14:00:42+05:30,56,47.50000,36.50000,41.50000,24.50000,37.25000,,,,
2026-01-16T14:01:03+05:30,57,48.00000,36.50000,41.50000,24.50000,37.25000,,,,
2026-01-16T14:01:24+05:30,58,47.00000,37.00000,41.25000,24.75000,37.00000,,,,
2026-01-16T14:01:45+05:30,59,47.75000,37.00000,41.75000,24.75000,37.00000,,,,
2026-01-16T14:02:06+05:30,60,47.50000,37.00000,42.50000,24.50000,37.25000,,,,
2026-01-16T14:02:27+05:30,61,47.00000,36.75000,42.00000,24.75000,36.75000,,,,
2026-01-16T14:02:48+05:30,62,45.25000,35.75000,41.50000,24.25000,37.25000,,,,
2026-01-16T14:03:09+05:30,63,43.00000,34.50000,41.75000,24.25000,37.25000,,,,
2026-01-16T14:03:29+05:30,64,40.25000,33.50000,42.00000,24.00000,36.50000,,,,
2026-01-16T14:03:50+05:30,65,39.00000,32.50000,41.00000,24.00000,37.00000,,,,
2026-01-16T14:04:11+05:30,66,37.25000,32.50000,40.75000,23.75000,36.25000,,,,
2026-01-16T14:04:32+05:30,67,36.50000,32.00000,40.50000,23.25000,36.00000,,,,
2026-01-16T14:04:53+05:30,68,35.50000,30.75000,40.50000,23.50000,35.75000,,,,
2026-01-16T14:05:14+05:30,69,34.50000,30.00000,40.00000,23.25000,34.75000,,,,
2026-01-16T14:05:35+05:30,70,33.00000,30.25000,39.50000,23.00000,34.50000,,,,
2026-01-16T14:05:56+05:30,71,33.00000,29.25000,39.25000,23.00000,34.25000,,,,
2026-01-16T14:06:17+05:30,72,32.50000,29.25000,39.00000,23.25000,33.75000,,,,
2026-01-16T14:06:38+05:30,73,31.50000,29.50000,38.50000,23.00000,33.00000,,,,
2026-01-16T14:06:59+05:30,74,31.25000,28.50000,38.00000,22.50000,32.75000,,,,
2026-01-16T14:07:20+05:30,75,30.75000,28.50000,37.50000,22.50000,32.25000,,,,
2026-01-16T14:07:40+05:30,76,30.00000,28.00000,37.50000,22.75000,31.75000,,,,
2026-01-16T14:08:01+05:30,77,30.00000,28.50000,37.25000,22.50000,31.50000,,,,
2026-01-16T14:08:22+05:30,78,30.00000,28.00000,36.50000,23.00000,31.25000,,,,
2026-01-16T14:08:43+05:30,79,29.25000,28.00000,36.50000,22.75000,30.25000,,,,
2026-01-16T14:09:04+05:30,80,29.25000,27.25000,36.00000,22.75000,31.00000,,,,
2026-01-16T14:09:25+05:30,81,28.50000,27.25000,36.50000,22.50000,30.75000,,,,
2026-01-16T14:09:46+05:30,82,29.00000,27.50000,35.75000,22.50000,30.00000,,,,
2026-01-16T14:10:07+05:30,83,28.50000,27.50000,36.00000,22.75000,29.75000,,,,
2026-01-16T14:10:28+05:30,84,28.50000,26.75000,35.50000,22.75000,30.00000,,,,
2026-01-16T14:10:49+05:30,85,28.50000,27.00000,35.00000,22.50000,29.75000,,,,
2026-01-16T14:11:09+05:30,86,28.25000,27.00000,35.00000,22.75000,28.75000,,,,
2026-01-16T14:11:30+05:30,87,27.75000,26.25000,35.00000,22.75000,29.25000,,,,
2026-01-16T14:11:51+05:30,88,27.50000,26.75000,34.25000,22.75000,29.25000,,,,
2026-01-16T14:12:12+05:30,89,27.50000,27.00000,34.50000,22.25000,29.00000,,,,
2026-01-16T14:12:33+05:30,90,27.50000,26.75000,34.25000,22.50000,28.25000,,,,
2026-01-16T14:12:54+05:30,91,27.00000,27.00000,33.75000,22.50000,29.00000,,,,
2026-01-16T14:13:15+05:30,92,27.25000,26.50000,33.75000,23.00000,28.75000,,,,
2026-01-16T14:13:40+05:30,93,26.75000,26.50000,32.75000,22.75000,28.50000,,,,
2026-01-16T14:14:00+05:30,94,27.00000,26.50000,33.25000,22.25000,28.75000,,,,
2026-01-16T14:14:21+05:30,95,27.00000,26.25000,33.50000,23.25000,27.75000,,,,
2026-01-16T14:14:42+05:30,96,27.00000,26.25000,33.50000,22.75000,28.00000,,,,
2026-01-16T14:15:03+05:30,97,26.25000,25.75000,32.75000,22.75000,28.00000,,,,
2026-01-16T14:15:24+05:30,98,26.75000,26.00000,33.00000,22.50000,28.00000,,,,
2026-01-16T14:15:45+05:30,99,26.50000,25.75000,32.00000,22.75000,27.75000,,,,
2026-01-16T14:16:06+05:30,100,26.25000,25.75000,32.50000,22.75000,27.00000,,,,
2026-01-16T14:16:27+05:30,101,26.75000,25.50000,32.50000,22.50000,27.50000,,,,
2026-01-16T14:16:48+05:30,102,26.50000,25.75000,32.25000,23.00000,27.50000,,,,
2026-01-16T14:17:09+05:30,103,26.00000,25.50000,32.00000,22.25000,27.25000,,,,
2026-01-16T14:17:30+05:30,104,26.25000,25.75000,32.25000,22.75000,27.50000,,,,
2026-01-16T14:17:50+05:30,105,26.25000,26.00000,31.75000,22.50000,27.25000,,,,
2026-01-16T14:18:11+05:30,106,26.00000,26.00000,32.00000,22.50000,27.00000,,,,
2026-01-16T14:18:32+05:30,107,26.00000,25.50000,31.75000,22.75000,27.00000,,,,
2026-01-16T14:18:53+05:30,108,25.75000,24.75000,31.75000,22.50000,27.00000,,,,
2026-01-16T14:19:14+05:30,109,26.00000,25.25000,31.75000,22.50000,27.25000,,,,
2026-01-16T14:19:35+05:30,110,26.00000,25.50000,31.50000,22.75000,26.50000,,,,
2026-01-16T14:19:56+05:30,111,25.75000,25.50000,31.25000,22.75000,26.25000,,,,
2026-01-16T14:20:17+05:30,112,26.00000,25.25000,31.50000,22.75000,27.00000,,,,
2026-01-16T14:20:38+05:30,113,25.50000,25.25000,31.25000,22.50000,26.50000,,,,
2026-01-16T14:20:59+05:30,114,25.75000,25.25000,31.25000,22.75000,26.75000,,,,
2026-01-16T14:21:20+05:30,115,25.25000,25.50000,30.75000,22.75000,26.00000,,,,
2026-01-16T14:21:41+05:30,116,25.75000,24.75000,31.25000,23.00000,26.50000,,,,
2026-01-16T14:22:01+05:30,117,25.75000,25.25000,31.00000,22.75000,26.50000,,,,
2026-01-16T14:22:22+05:30,118,25.75000,25.00000,30.25000,22.75000,26.75000,,,,
2026-01-16T14:22:43+05:30,119,25.25000,24.75000,30.25000,23.00000,26.25000,,,,
2026-01-16T14:23:04+05:30,120,25.75000,25.00000,30.25000,22.50000,26.75000,,,,
2026-01-16T14:23:25+05:30,121,25.25000,24.75000,30.50000,23.00000,26.50000,,,,
2026-01-16T14:23:46+05:30,122,25.25000,25.50000,30.25000,22.75000,26.75000,,,,
2026-01-16T14:24:07+05:30,123,24.75000,25.00000,30.25000,23.00000,26.25000,,,,
2026-01-16T14:24:28+05:30,124,25.25000,25.50000,30.00000,23.00000,25.75000,,,,
2026-01-16T14:24:49+05:30,125,25.25000,25.00000,30.25000,22.75000,26.00000,,,,
2026-01-16T14:25:09+05:30,126,25.00000,25.25000,29.75000,22.50000,26.00000,,,,
2026-01-16T14:25:30+05:30,127,25.00000,24.75000,30.00000,22.75000,26.00000,,,,
2026-01-16T14:25:51+05:30,128,25.00000,24.50000,30.00000,22.75000,26.50000,,,,
2026-01-16T14:26:12+05:30,129,25.25000,25.00000,29.50000,22.50000,25.75000,,,,
2026-01-16T14:26:33+05:30,130,24.75000,25.25000,30.00000,22.75000,25.75000,,,,
2026-01-16T14:26:54+05:30,131,25.00000,25.25000,29.50000,22.75000,25.75000,,,,
2026-01-16T14:27:15+05:30,132,24.25000,25.00000,29.75000,22.75000,26.00000,,,,
2026-01-16T14:27:36+05:30,133,24.50000,25.25000,29.50000,22.50000,26.00000,,,,
2026-01-16T14:27:57+05:30,134,24.50000,24.50000,29.25000,22.75000,26.00000,,,,
2026-01-16T14:28:18+05:30,135,24.75000,25.00000,29.25000,22.75000,26.00000,,,,
2026-01-16T14:28:38+05:30,136,25.00000,25.00000,29.25000,22.75000,25.50000,,,,
2026-01-16T14:28:59+05:30,137,24.25000,25.00000,29.50000,22.75000,25.75000,,,,
2026-01-16T14:29:21+05:30,138,25.00000,24.50000,29.00000,22.75000,25.75000,,,,
2026-01-16T14:29:41+05:30,139,24.25000,25.00000,29.25000,22.75000,25.25000,,,,
2026-01-16T14:30:02+05:30,140,24.50000,25.00000,28.75000,22.50000,25.75000,,,,
2026-01-16T14:30:23+05:30,141,24.75000,24.75000,28.75000,23.00000,25.50000,,,,
2026-01-16T14:30:44+05:30,142,24.50000,25.00000,28.50000,23.00000,25.75000,,,,
2026-01-16T14:31:05+05:30,143,25.00000,25.00000,28.75000,22.50000,25.75000,,,,
2026-01-16T14:31:26+05:30,144,24.25000,24.00000,28.75000,22.75000,26.00000,,,,
2026-01-16T14:31:47+05:30,145,24.25000,24.25000,29.00000,23.00000,25.00000,,,,
2026-01-16T14:32:08+05:30,146,24.50000,24.25000,29.00000,23.00000,25.50000,,,,
2026-01-16T14:32:29+05:30,147,24.50000,24.50000,28.75000,22.50000,25.50000,,,,
2026-01-16T14:32:51+05:30,148,24.50000,24.25000,28.75000,23.00000,25.50000,,,,
2026-01-16T14:33:12+05:30,149,24.75000,24.50000,28.50000,22.75000,25.50000,,,,
2026-01-16T14:33:33+05:30,150,24.75000,24.75000,28.75000,23.00000,25.75000,,,,
2026-01-16T14:33:54+05:30,151,25.00000,25.00000,28.50000,23.00000,24.75000,,,,
2026-01-16T14:34:15+05:30,152,25.00000,25.50000,28.75000,23.00000,25.75000,,,,
2026-01-16T14:34:36+05:30,153,24.75000,25.25000,28.75000,22.50000,25.50000,,,,
2026-01-16T14:34:56+05:30,154,25.00000,25.00000,28.50000,22.75000,25.50000,,,,
2026-01-16T14:35:17+05:30,155,25.25000,25.25000,28.25000,23.25000,25.50000,,,,
2026-01-16T14:35:38+05:30,156,25.75000,25.00000,28.50000,22.50000,25.75000,,,,
2026-01-16T14:35:59+05:30,157,25.75000,25.25000,28.50000,23.25000,25.75000,,,,
2026-01-16T14:36:21+05:30,158,25.50000,24.75000,28.50000,22.25000,25.75000,,,,
2026-01-16T14:36:42+05:30,159,25.75000,25.25000,28.75000,22.75000,25.50000,,,,
2026-01-16T14:37:04+05:30,160,26.00000,25.25000,28.25000,23.00000,25.75000,,,,
2026-01-16T14:37:25+05:30,161,25.75000,25.25000,29.00000,23.25000,25.50000,,,,
2026-01-16T14:37:46+05:30,162,26.00000,25.75000,28.50000,22.75000,25.75000,,,,
2026-01-16T14:38:07+05:30,163,26.25000,26.00000,28.75000,23.25000,25.50000,,,,
2026-01-16T14:38:28+05:30,164,26.25000,26.00000,28.75000,23.50000,25.25000,,,,
2026-01-16T14:38:49+05:30,165,26.50000,26.00000,29.00000,23.00000,25.50000,,,,
2026-01-16T14:39:10+05:30,166,26.50000,25.75000,28.75000,23.25000,26.25000,,,,
2026-01-16T14:39:31+05:30,167,26.75000,26.00000,28.50000,23.25000,26.00000,,,,
2026-01-16T14:39:52+05:30,168,27.00000,26.00000,29.00000,23.25000,26.00000,,,,
2026-01-16T14:40:13+05:30,169,27.00000,25.25000,28.25000,23.25000,26.00000,,,,
2026-01-16T14:40:34+05:30,170,26.50000,26.25000,29.00000,23.25000,25.00000,,,,
2026-01-16T14:40:55+05:30,171,27.00000,25.75000,28.75000,23.25000,26.25000,,,,
2026-01-16T14:41:16+05:30,172,27.00000,26.00000,28.75000,23.25000,26.25000,,,,
2026-01-16T14:41:37+05:30,173,27.00000,26.25000,29.00000,23.00000,26.00000,,,,
2026-01-16T14:41:57+05:30,174,27.25000,26.00000,28.75000,23.25000,26.00000,,,,
2026-01-16T14:42:18+05:30,175,27.00000,26.00000,28.75000,23.50000,26.00000,,,,
2026-01-16T14:42:39+05:30,176,26.75000,25.50000,29.00000,23.50000,25.75000,,,,
2026-01-16T14:43:00+05:30,177,27.50000,26.25000,29.00000,23.00000,26.50000,,,,
2026-01-16T14:43:21+05:30,178,27.00000,26.25000,28.75000,23.00000,26.00000,,,,
2026-01-16T14:43:42+05:30,179,27.00000,26.25000,28.75000,23.50000,26.25000,,,,
2026-01-16T14:44:03+05:30,180,27.50000,26.25000,29.25000,23.25000,26.00000,,,,
2026-01-16T14:44:24+05:30,181,27.50000,26.50000,28.50000,23.00000,26.50000,,,,
2026-01-16T14:44:45+05:30,182,27.00000,26.25000,29.25000,22.75000,26.25000,,,,
2026-01-16T14:45:05+05:30,183,27.75000,26.00000,29.00000,23.00000,26.25000,,,,
2026-01-16T14:45:26+05:30,184,27.25000,26.25000,29.00000,23.50000,26.50000,,,,
2026-01-16T14:45:47+05:30,185,27.50000,26.00000,29.00000,22.75000,26.50000,,,,
2026-01-16T14:46:08+05:30,186,27.50000,26.00000,29.25000,23.50000,26.50000,,,,
2026-01-16T14:46:29+05:30,187,27.50000,25.75000,29.25000,23.25000,26.50000,,,,
2026-01-16T14:46:50+05:30,188,27.50000,26.00000,28.75000,23.00000,26.00000,,,,
2026-01-16T14:47:11+05:30,189,27.75000,26.50000,29.25000,23.00000,25.75000,,,,
2026-01-16T14:47:32+05:30,190,27.75000,26.00000,29.50000,23.25000,26.25000,,,,
2026-01-16T14:47:53+05:30,191,28.00000,26.00000,29.75000,23.50000,26.75000,,,,
2026-01-16T14:48:14+05:30,192,28.25000,26.25000,29.75000,23.50000,26.50000,,,,
2026-01-16T14:48:35+05:30,193,28.75000,26.50000,29.00000,23.25000,26.50000,,,,
2026-01-16T14:48:56+05:30,194,28.50000,26.75000,29.75000,23.00000,26.75000,,,,
2026-01-16T14:49:16+05:30,195,29.25000,27.00000,30.00000,23.75000,27.25000,,,,
2026-01-16T14:49:37+05:30,196,29.25000,27.50000,29.50000,23.75000,27.00000,,,,
2026-01-16T14:49:58+05:30,197,29.50000,27.00000,30.50000,23.25000,27.25000,,,,
2026-01-16T14:50:19+05:30,198,30.00000,27.50000,30.25000,23.25000,27.75000,,,,
2026-01-16T14:50:40+05:30,199,30.50000,27.25000,30.50000,23.25000,27.25000,,,,
2026-01-16T14:51:01+05:30,200,30.75000,27.50000,30.50000,23.50000,27.25000,,,,
2026-01-16T14:51:22+05:30,201,30.75000,27.75000,30.25000,23.75000,27.75000,,,,
2026-01-16T14:51:43+05:30,202,31.00000,28.00000,30.50000,23.75000,27.25000,,,,
2026-01-16T14:52:04+05:30,203,31.25000,28.00000,30.75000,23.50000,27.75000,,,,
2026-01-16T14:52:25+05:30,204,31.25000,28.00000,31.00000,23.75000,27.50000,,,,
2026-01-16T14:52:46+05:30,205,31.75000,28.25000,31.00000,23.75000,28.00000,,,,
2026-01-16T14:53:07+05:30,206,31.50000,28.50000,30.75000,24.00000,28.25000,,,,
2026-01-16T14:53:28+05:30,207,31.00000,28.00000,31.00000,23.75000,28.25000,,,,
2026-01-16T14:53:48+05:30,208,32.00000,28.25000,30.75000,23.75000,28.25000,,,,
2026-01-16T14:54:09+05:30,209,32.00000,28.25000,31.50000,23.75000,28.25000,,,,
2026-01-16T14:54:30+05:30,210,32.25000,28.75000,32.00000,23.75000,28.00000,,,,
2026-01-16T14:54:51+05:30,211,32.00000,28.75000,32.00000,24.00000,28.75000,,,,
2026-01-16T14:55:12+05:30,212,32.50000,28.75000,32.25000,24.25000,28.50000,,,,
2026-01-16T14:55:33+05:30,213,32.75000,28.50000,32.25000,24.00000,29.00000,,,,
2026-01-16T14:55:54+05:30,214,32.50000,28.75000,32.50000,24.00000,28.75000,,,,
2026-01-16T14:56:15+05:30,215,32.25000,28.50000,31.75000,24.25000,29.00000,,,,
2026-01-16T14:56:36+05:30,216,32.50000,28.25000,32.25000,24.00000,29.00000,,,,
2026-01-16T14:56:57+05:30,217,33.00000,28.50000,32.75000,24.00000,29.00000,,,,
2026-01-16T14:57:19+05:30,218,32.75000,28.50000,32.75000,24.00000,29.00000,,,,
2026-01-16T14:57:40+05:30,219,33.00000,28.50000,32.75000,24.00000,29.25000,,,,
2026-01-16T14:58:01+05:30,220,33.00000,29.00000,33.00000,24.00000,29.25000,,,,
2026-01-16T14:58:22+05:30,221,32.75000,29.25000,33.00000,24.25000,29.25000,,,,
2026-01-16T14:58:43+05:30,222,33.00000,29.00000,33.00000,24.00000,29.50000,,,,
2026-01-16T14:59:05+05:30,223,33.25000,29.00000,33.25000,23.25000,29.50000,,,,
2026-01-16T14:59:26+05:30,224,33.00000,29.00000,33.00000,24.00000,29.50000,,,,
2026-01-16T14:59:47+05:30,225,33.50000,29.00000,33.50000,23.75000,29.75000,,,,
2026-01-16T15:00:08+05:30,226,33.25000,28.75000,33.25000,23.50000,29.25000,,,,
2026-01-16T15:00:29+05:30,227,33.50000,28.75000,33.50000,24.00000,30.00000,,,,
2026-01-16T15:00:50+05:30,228,33.50000,28.75000,33.00000,24.00000,30.00000,,,,
2026-01-16T15:01:11+05:30,229,33.00000,28.50000,33.75000,24.00000,29.75000,,,,
2026-01-16T15:01:31+05:30,230,33.75000,28.75000,33.75000,23.75000,29.75000,,,,
2026-01-16T15:01:52+05:30,231,33.75000,28.75000,33.75000,24.25000,30.00000,,,,
2026-01-16T15:02:13+05:30,232,33.50000,29.25000,33.50000,24.00000,30.25000,,,,
2026-01-16T15:02:34+05:30,233,33.75000,29.00000,34.00000,24.25000,30.25000,,,,
2026-01-16T15:02:55+05:30,234,34.00000,29.25000,34.25000,24.00000,30.00000,,,,
2026-01-16T15:03:16+05:30,235,34.50000,29.25000,34.00000,24.50000,29.75000,,,,
2026-01-16T15:03:37+05:30,236,35.00000,30.25000,34.25000,24.00000,29.50000,,,,
2026-01-16T15:03:58+05:30,237,35.25000,30.25000,34.75000,24.00000,30.50000,,,,
2026-01-16T15:04:19+05:30,238,36.00000,30.25000,34.50000,24.25000,30.25000,,,,
2026-01-16T15:04:40+05:30,239,37.00000,30.25000,35.50000,24.50000,30.50000,,,,
2026-01-16T15:05:01+05:30,240,36.75000,30.75000,35.50000,24.50000,30.75000,,,,
2026-01-16T15:05:22+05:30,241,37.50000,31.00000,35.00000,24.50000,31.25000,,,,
2026-01-16T15:05:43+05:30,242,37.50000,31.75000,36.00000,24.00000,30.50000,,,,
2026-01-16T15:06:04+05:30,243,38.00000,31.75000,36.00000,24.75000,31.50000,,,,
2026-01-16T15:06:25+05:30,244,38.50000,31.50000,36.25000,24.00000,31.50000,,,,
2026-01-16T15:06:46+05:30,245,38.25000,32.00000,36.25000,24.50000,31.75000,,,,
2026-01-16T15:07:07+05:30,246,38.25000,32.25000,36.50000,24.50000,31.75000,,,,
2026-01-16T15:07:28+05:30,247,39.25000,32.00000,36.75000,24.75000,32.00000,,,,
2026-01-16T15:07:49+05:30,248,39.50000,32.50000,36.75000,24.25000,32.25000,,,,
2026-01-16T15:08:10+05:30,249,40.00000,33.00000,37.50000,24.25000,32.50000,,,,
2026-01-16T15:08:31+05:30,250,40.00000,32.75000,37.50000,24.50000,32.75000,,,,
2026-01-16T15:08:52+05:30,251,40.00000,32.50000,37.25000,24.25000,33.25000,,,,
2026-01-16T15:09:13+05:30,252,39.50000,33.25000,37.75000,24.75000,33.25000,,,,
2026-01-16T15:09:33+05:30,253,40.25000,33.50000,37.75000,25.00000,33.00000,,,,
2026-01-16T15:09:55+05:30,254,40.75000,32.75000,38.00000,24.50000,33.75000,,,,
2026-01-16T15:10:15+05:30,255,40.25000,32.00000,38.00000,24.75000,34.00000,,,,
2026-01-16T15:10:36+05:30,256,40.25000,32.25000,38.50000,24.75000,33.50000,,,,
2026-01-16T15:10:57+05:30,257,40.25000,32.75000,39.00000,24.50000,33.75000,,,,
2026-01-16T15:11:18+05:30,258,40.75000,32.00000,38.25000,24.75000,33.75000,,,,
2026-01-16T15:11:39+05:30,259,40.50000,32.75000,38.75000,24.50000,34.00000,,,,
2026-01-16T15:12:00+05:30,260,40.25000,32.50000,39.25000,24.75000,34.25000,,,,
2026-01-16T15:12:21+05:30,261,40.50000,32.75000,39.00000,24.75000,34.00000,,,,
2026-01-16T15:12:43+05:30,262,40.75000,32.75000,39.25000,24.75000,34.25000,,,,
2026-01-16T15:13:05+05:30,263,41.75000,33.50000,40.00000,24.75000,34.50000,,,,
2026-01-16T15:13:26+05:30,264,42.50000,34.00000,40.00000,25.00000,34.75000,,,,
2026-01-16T15:13:47+05:30,265,43.50000,33.50000,40.50000,25.00000,34.50000,,,,
2026-01-16T15:14:08+05:30,266,43.75000,34.25000,40.75000,24.75000,35.00000,,,,
2026-01-16T15:14:29+05:30,267,44.50000,35.25000,41.25000,25.00000,35.50000,,,,
2026-01-16T15:14:50+05:30,268,45.50000,34.75000,41.75000,25.00000,35.50000,,,,
2026-01-16T15:15:11+05:30,269,45.75000,35.75000,41.50000,25.00000,35.25000,,,,
2026-01-16T15:15:32+05:30,270,45.00000,35.00000,42.25000,25.25000,35.25000,,,,
2026-01-16T15:15:52+05:30,271,45.75000,35.25000,42.25000,24.75000,36.00000,,,,
2026-01-16T15:16:13+05:30,272,45.75000,35.25000,43.00000,25.25000,35.75000,,,,
2026-01-16T15:16:34+05:30,273,45.25000,36.25000,43.25000,25.25000,36.00000,,,,
2026-01-16T15:16:55+05:30,274,46.50000,36.25000,43.50000,25.25000,36.25000,,,,
2026-01-16T15:17:16+05:30,275,47.00000,35.50000,43.50000,25.00000,37.00000,,,,
2026-01-16T15:17:37+05:30,276,48.00000,36.75000,43.75000,25.00000,36.75000,,,,
2026-01-16T15:17:58+05:30,277,49.75000,38.25000,44.50000,25.25000,37.00000,,,,
2026-01-16T15:18:19+05:30,278,50.50000,38.75000,45.25000,25.75000,37.50000,,,,
2026-01-16T15:18:40+05:30,279,53.00000,39.75000,45.75000,25.75000,38.00000,,,,
2026-01-16T15:19:01+05:30,280,55.25000,40.50000,46.50000,25.75000,38.50000,,,,
2026-01-16T15:19:22+05:30,281,56.75000,41.00000,46.50000,25.50000,39.00000,,,,
2026-01-16T15:19:43+05:30,282,58.00000,42.25000,47.75000,26.00000,39.50000,,,,
2026-01-16T15:20:04+05:30,283,58.00000,42.25000,48.50000,25.75000,40.25000,,,,
2026-01-16T15:20:24+05:30,284,59.25000,42.50000,49.00000,26.00000,40.50000,,,,
2026-01-16T15:20:45+05:30,285,59.75000,43.50000,49.00000,26.25000,41.75000,,,,
2026-01-16T15:21:06+05:30,286,60.00000,43.75000,49.75000,26.25000,41.75000,,,,
2026-01-16T15:21:27+05:30,287,61.00000,43.50000,49.75000,26.25000,42.25000,,,,
2026-01-16T15:21:48+05:30,288,61.25000,43.50000,50.75000,26.75000,43.00000,,,,
2026-01-16T15:22:12+05:30,289,61.00000,43.75000,51.25000,26.50000,43.00000,,,,
2026-01-16T15:22:33+05:30,290,61.25000,44.75000,51.50000,26.25000,42.75000,,,,
2026-01-16T15:22:54+05:30,291,61.50000,45.00000,51.50000,26.50000,42.75000,,,,
2026-01-16T15:23:15+05:30,292,60.75000,44.25000,52.25000,26.50000,43.25000,,,,
2026-01-16T15:23:36+05:30,293,61.50000,44.75000,52.25000,26.25000,43.75000,,,,
2026-01-16T15:23:57+05:30,294,62.75000,44.75000,53.00000,26.25000,44.50000,,,,
2026-01-16T15:24:17+05:30,295,61.00000,43.50000,53.25000,26.25000,44.25000,,,,
2026-01-16T15:24:38+05:30,296,56.75000,42.00000,52.50000,26.25000,44.00000,,,,
2026-01-16T15:24:59+05:30,297,52.50000,40.00000,51.75000,26.00000,44.25000,,,,
2026-01-16T15:25:20+05:30,298,49.00000,37.75000,51.25000,26.00000,43.25000,,,,
2026-01-16T15:25:41+05:30,299,46.00000,36.75000,50.25000,25.25000,42.50000,,,,
2026-01-16T15:26:02+05:30,300,43.50000,35.50000,49.25000,25.25000,41.50000,,,,
2026-01-16T15:26:23+05:30,301,40.75000,34.25000,48.50000,24.75000,40.75000,,,,
2026-01-16T15:26:44+05:30,302,39.25000,33.75000,48.00000,23.75000,39.75000,,,,
2026-01-16T15:27:05+05:30,303,37.50000,32.50000,47.00000,24.50000,39.00000,,,,
2026-01-16T15:27:26+05:30,304,36.25000,32.00000,46.25000,24.50000,38.50000,,,,
2026-01-16T15:27:46+05:30,305,35.00000,31.00000,45.75000,24.25000,37.75000,,,,
2026-01-16T15:28:07+05:30,306,34.25000,31.50000,45.75000,23.75000,37.25000,,,,
2026-01-16T15:28:28+05:30,307,33.50000,30.50000,44.75000,23.75000,36.50000,,,,
2026-01-16T15:28:49+05:30,308,33.00000,30.00000,44.75000,23.75000,35.50000,,,,
2026-01-16T15:29:10+05:30,309,32.00000,29.50000,43.50000,23.75000,35.75000,,,,
2026-01-16T15:29:31+05:30,310,31.50000,29.25000,43.50000,23.00000,35.00000,,,,
2026-01-16T15:29:52+05:30,311,30.75000,29.25000,43.25000,24.00000,34.25000,,,,
2026-01-16T15:30:13+05:30,312,31.00000,28.50000,43.00000,23.75000,33.50000,,,,
2026-01-16T15:30:34+05:30,313,30.25000,28.75000,42.25000,23.75000,33.25000,,,,
2026-01-16T15:30:55+05:30,314,30.00000,28.00000,42.00000,23.50000,33.00000,,,,
2026-01-16T15:31:16+05:30,315,29.50000,28.50000,42.00000,23.75000,32.75000,,,,
2026-01-16T15:31:37+05:30,316,30.00000,27.75000,41.25000,23.75000,31.75000,,,,
2026-01-16T15:31:58+05:30,317,29.25000,28.50000,41.00000,23.50000,32.50000,,,,
2026-01-16T15:32:19+05:30,318,29.25000,28.00000,40.50000,23.75000,31.75000,,,,
2026-01-16T15:32:39+05:30,319,29.00000,27.50000,40.50000,23.75000,31.50000,,,,
2026-01-16T15:33:00+05:30,320,28.75000,27.75000,39.75000,23.75000,31.50000,,,,
2026-01-16T15:33:21+05:30,321,28.00000,27.75000,39.75000,23.75000,30.75000,,,,
2026-01-16T15:33:42+05:30,322,28.25000,27.50000,39.50000,23.75000,30.25000,,,,
2026-01-16T15:34:03+05:30,323,28.00000,27.25000,39.25000,23.75000,30.50000,,,,
2026-01-16T15:34:24+05:30,324,27.75000,27.00000,39.00000,23.50000,30.00000,,,,
2026-01-16T15:34:45+05:30,325,27.75000,27.25000,38.75000,24.00000,30.50000,,,,
2026-01-16T15:35:06+05:30,326,27.75000,27.50000,38.75000,23.25000,29.75000,,,,
2026-01-16T15:35:27+05:30,327,27.50000,27.25000,38.50000,23.50000,30.50000,,,,
2026-01-16T15:35:47+05:30,328,27.75000,28.00000,37.25000,23.50000,30.25000,,,,
2026-01-16T15:36:08+05:30,329,26.75000,27.75000,37.75000,24.00000,30.25000,,,,
2026-01-16T15:36:29+05:30,330,27.00000,27.75000,37.50000,24.00000,29.75000,,,,
2026-01-16T15:36:50+05:30,331,27.25000,27.25000,37.25000,24.00000,29.50000,,,,
2026-01-16T15:37:11+05:30,332,27.25000,27.00000,36.75000,23.75000,29.50000,,,,
2026-01-16T15:37:32+05:30,333,27.00000,27.00000,36.75000,24.00000,29.25000,,,,
2026-01-16T15:37:54+05:30,334,26.75000,27.00000,36.75000,23.75000,29.00000,,,,
2026-01-16T15:38:15+05:30,335,27.25000,26.50000,36.50000,24.00000,28.75000,,,,
2026-01-16T15:38:36+05:30,336,26.75000,26.00000,36.75000,24.00000,28.50000,,,,
2026-01-16T15:38:57+05:30,337,26.25000,26.25000,36.50000,24.25000,29.00000,,,,
2026-01-16T15:39:17+05:30,338,26.75000,26.25000,36.50000,23.75000,28.25000,,,,
2026-01-16T15:39:38+05:30,339,26.50000,26.00000,36.50000,24.00000,28.75000,,,,
2026-01-16T15:39:59+05:30,340,26.00000,25.75000,36.00000,24.00000,28.25000,,,,
2026-01-16T15:40:20+05:30,341,26.50000,26.50000,36.00000,23.50000,28.00000,,,,
2026-01-16T15:40:41+05:30,342,26.00000,26.25000,36.00000,24.00000,28.25000,,,,
2026-01-16T15:41:02+05:30,343,25.75000,26.25000,35.50000,24.00000,28.25000,,,,
2026-01-16T15:41:23+05:30,344,25.75000,25.75000,35.75000,23.50000,28.00000,,,,
2026-01-16T15:41:44+05:30,345,26.00000,25.75000,35.50000,23.75000,28.00000,,,,
2026-01-16T15:42:05+05:30,346,26.00000,26.50000,35.00000,23.50000,27.75000,,,,
2026-01-16T15:42:26+05:30,347,26.00000,26.25000,35.25000,23.50000,28.25000,,,,
2026-01-16T15:42:46+05:30,348,25.75000,25.75000,35.00000,24.00000,28.00000,,,,
2026-01-16T15:43:07+05:30,349,25.50000,26.00000,34.50000,23.75000,27.50000,,,,
2026-01-16T15:43:28+05:30,350,25.50000,26.00000,35.00000,24.25000,27.25000,,,,
2026-01-16T15:43:49+05:30,351,25.50000,25.50000,34.50000,23.75000,27.50000,,,,
2026-01-16T15:44:10+05:30,352,25.50000,25.50000,34.50000,24.00000,27.50000,,,,
2026-01-16T15:44:31+05:30,353,25.75000,26.00000,34.00000,23.50000,27.50000,,,,
2026-01-16T15:44:52+05:30,354,25.25000,25.50000,34.25000,23.75000,27.50000,,,,
2026-01-16T15:45:13+05:30,355,25.50000,26.00000,34.25000,24.50000,27.00000,,,,
2026-01-16T15:45:34+05:30,356,25.25000,26.00000,34.25000,24.00000,27.50000,,,,
2026-01-16T15:45:55+05:30,357,25.25000,25.75000,33.75000,23.75000,27.25000,,,,
2026-01-16T15:46:16+05:30,358,25.25000,25.50000,33.00000,24.00000,27.75000,,,,
2026-01-16T15:46:37+05:30,359,25.00000,25.75000,34.00000,23.50000,27.25000,,,,
2026-01-16T15:46:57+05:30,360,25.50000,25.25000,34.00000,24.00000,27.25000,,,,
2026-01-16T15:47:18+05:30,361,25.25000,25.50000,33.75000,24.00000,27.25000,,,,
2026-01-16T15:47:39+05:30,362,24.75000,24.75000,33.50000,24.00000,27.25000,,,,
2026-01-16T15:48:00+05:30,363,24.75000,25.75000,33.75000,24.25000,27.00000,,,,
2026-01-16T15:48:21+05:30,364,24.50000,25.50000,33.00000,24.00000,27.25000,,,,
2026-01-16T15:48:42+05:30,365,25.00000,25.50000,33.25000,24.00000,27.00000,,,,
2026-01-16T15:49:03+05:30,366,25.25000,25.25000,33.25000,24.25000,26.50000,,,,
2026-01-16T15:49:24+05:30,367,25.00000,25.25000,33.00000,24.00000,26.50000,,,,
2026-01-16T15:49:45+05:30,368,25.25000,25.25000,33.00000,24.00000,27.00000,,,,
2026-01-16T15:50:06+05:30,369,25.00000,24.75000,32.25000,23.75000,26.75000,,,,
2026-01-16T15:50:27+05:30,370,24.75000,25.50000,32.75000,23.75000,26.75000,,,,
2026-01-16T15:50:47+05:30,371,25.25000,25.75000,32.50000,23.75000,27.00000,,,,
2026-01-16T15:51:08+05:30,372,25.00000,25.50000,32.75000,24.25000,26.75000,,,,
2026-01-16T15:51:29+05:30,373,25.00000,25.00000,32.50000,23.75000,26.00000,,,,
2026-01-16T15:51:50+05:30,374,25.25000,24.75000,32.00000,23.75000,26.25000,,,,
2026-01-16T15:52:11+05:30,375,24.75000,25.25000,32.25000,24.25000,26.25000,,,,
2026-01-16T15:52:32+05:30,376,25.00000,25.25000,32.25000,24.50000,26.25000,,,,
2026-01-16T15:52:53+05:30,377,25.00000,25.00000,32.25000,23.75000,26.75000,,,,
2026-01-16T15:53:14+05:30,378,24.50000,24.75000,32.50000,23.75000,26.25000,,,,
2026-01-16T15:53:35+05:30,379,24.75000,25.25000,32.50000,24.25000,26.25000,,,,
2026-01-16T15:53:56+05:30,380,24.75000,24.50000,32.25000,24.00000,26.25000,,,,
2026-01-16T15:54:17+05:30,381,24.50000,24.75000,32.25000,23.75000,25.50000,,,,
2026-01-16T15:54:38+05:30,382,25.00000,25.25000,32.25000,24.00000,25.75000,,,,
2026-01-16T15:54:59+05:30,383,25.00000,25.00000,32.00000,24.00000,26.25000,,,,
2026-01-16T15:55:20+05:30,384,24.25000,25.00000,31.25000,24.00000,26.50000,,,,
2026-01-16T15:55:41+05:30,385,24.50000,24.75000,31.50000,24.25000,26.00000,,,,
2026-01-16T15:56:02+05:30,386,24.25000,25.00000,32.00000,24.25000,26.00000,,,,
2026-01-16T15:56:23+05:30,387,24.00000,25.00000,30.75000,24.00000,26.00000,,,,
2026-01-16T15:56:44+05:30,388,24.50000,25.25000,31.25000,23.75000,26.25000,,,,
2026-01-16T15:57:05+05:30,389,24.50000,25.25000,31.75000,24.25000,26.00000,,,,
2026-01-16T15:57:25+05:30,390,24.50000,25.00000,31.75000,23.75000,25.75000,,,,
2026-01-16T15:57:46+05:30,391,24.25000,25.00000,31.00000,24.00000,25.75000,,,,
2026-01-16T15:58:07+05:30,392,24.50000,25.00000,31.75000,23.75000,26.00000,,,,
2026-01-16T15:58:28+05:30,393,24.50000,25.00000,31.00000,24.00000,26.00000,,,,
2026-01-16T15:58:49+05:30,394,24.50000,25.00000,30.75000,24.00000,26.00000,,,,
2026-01-16T15:59:10+05:30,395,24.50000,25.00000,31.25000,24.00000,25.75000,,,,
2026-01-16T15:59:31+05:30,396,24.25000,25.50000,30.75000,24.00000,25.50000,,,,
2026-01-16T15:59:52+05:30,397,24.50000,25.25000,31.25000,24.00000,26.00000,,,,
2026-01-16T16:00:13+05:30,398,24.50000,25.25000,31.25000,24.25000,25.25000,,,,
2026-01-16T16:00:34+05:30,399,24.75000,25.00000,31.25000,23.75000,26.00000,,,,
2026-01-16T16:00:55+05:30,400,24.50000,24.75000,31.00000,24.25000,26.25000,,,,
2026-01-16T16:01:15+05:30,401,24.00000,25.25000,31.00000,24.00000,26.00000,,,,
2026-01-16T16:01:36+05:30,402,24.25000,25.00000,30.50000,24.00000,26.25000,,,,
2026-01-16T16:01:57+05:30,403,24.25000,25.00000,30.50000,24.25000,26.25000,,,,
2026-01-16T16:02:18+05:30,404,24.25000,24.75000,30.75000,24.25000,26.00000,,,,
2026-01-16T16:02:39+05:30,405,24.00000,24.50000,29.75000,24.00000,25.50000,,,,
2026-01-16T16:03:00+05:30,406,24.00000,24.25000,30.25000,24.00000,26.25000,,,,
2026-01-16T16:03:21+05:30,407,24.25000,24.50000,30.50000,24.25000,26.00000,,,,
2026-01-16T16:03:42+05:30,408,24.25000,24.75000,30.50000,24.50000,25.75000,,,,
2026-01-16T16:04:03+05:30,409,24.25000,24.75000,30.50000,23.75000,25.50000,,,,
2026-01-16T16:04:24+05:30,410,24.50000,24.50000,30.50000,24.50000,26.50000,,,,
2026-01-16T16:04:45+05:30,411,24.25000,24.50000,30.25000,24.00000,26.25000,,,,
2026-01-16T16:05:06+05:30,412,24.25000,24.25000,30.25000,24.25000,26.00000,,,,
2026-01-16T16:05:27+05:30,413,24.00000,24.75000,30.25000,24.00000,25.50000,,,,
2026-01-16T16:05:48+05:30,414,24.25000,25.00000,30.50000,24.50000,25.25000,,,,
2026-01-16T16:06:09+05:30,415,24.25000,24.50000,30.50000,24.50000,25.50000,,,,
2026-01-16T16:06:30+05:30,416,23.75000,24.75000,30.25000,24.25000,25.50000,,,,
2026-01-16T16:06:51+05:30,417,24.25000,24.50000,30.00000,24.25000,25.50000,,,,
2026-01-16T16:07:11+05:30,418,24.25000,25.25000,30.00000,24.25000,26.00000,,,,
2026-01-16T16:07:32+05:30,419,24.50000,25.25000,29.75000,24.25000,26.00000,,,,
2026-01-16T16:07:53+05:30,420,24.25000,24.50000,30.00000,24.50000,25.50000,,,,
2026-01-16T16:08:14+05:30,421,24.25000,24.75000,30.00000,24.25000,26.00000,,,,
2026-01-16T16:08:35+05:30,422,23.75000,24.75000,30.00000,24.50000,25.75000,,,,
2026-01-16T16:08:56+05:30,423,24.00000,24.75000,29.50000,24.25000,25.75000,,,,
2026-01-16T16:09:17+05:30,424,24.25000,24.50000,29.50000,24.25000,26.00000,,,,
2026-01-16T16:09:38+05:30,425,23.50000,24.50000,29.75000,24.25000,25.50000,,,,
2026-01-16T16:09:59+05:30,426,24.25000,24.75000,29.50000,24.25000,25.75000,,,,
2026-01-16T16:10:20+05:30,427,23.75000,24.75000,29.50000,24.50000,25.50000,,,,
2026-01-16T16:10:40+05:30,428,24.25000,24.75000,29.75000,24.25000,25.75000,,,,
2026-01-16T16:11:01+05:30,429,24.25000,24.75000,29.75000,23.75000,26.00000,,,,
2026-01-16T16:11:22+05:30,430,23.75000,24.25000,29.75000,24.25000,25.50000,,,,
2026-01-16T16:11:43+05:30,431,23.75000,24.75000,29.75000,24.25000,25.50000,,,,
2026-01-16T16:12:04+05:30,432,23.75000,24.25000,29.75000,24.25000,25.25000,,,,
2026-01-16T16:12:26+05:30,433,24.00000,24.25000,29.75000,24.25000,25.50000,,,,
2026-01-16T16:12:47+05:30,434,24.00000,24.50000,29.25000,24.25000,25.50000,,,,
2026-01-16T16:13:07+05:30,435,23.75000,25.00000,29.50000,24.25000,25.50000,,,,
2026-01-16T16:13:28+05:30,436,24.25000,24.75000,29.00000,24.25000,25.75000,,,,
2026-01-16T16:13:49+05:30,437,24.00000,24.50000,29.00000,24.50000,25.00000,,,,
2026-01-16T16:14:10+05:30,438,24.00000,24.50000,29.00000,24.75000,25.00000,,,,
2026-01-16T16:14:31+05:30,439,23.75000,24.50000,29.25000,24.50000,25.00000,,,,
2026-01-16T16:14:52+05:30,440,24.00000,24.25000,29.00000,24.50000,25.25000,,,,
2026-01-16T16:15:13+05:30,441,23.75000,25.00000,29.00000,24.00000,25.25000,,,,
2026-01-16T16:15:34+05:30,442,24.00000,24.75000,29.25000,24.25000,25.75000,,,,
2026-01-16T16:15:55+05:30,443,24.00000,24.75000,29.00000,24.25000,25.00000,,,,
2026-01-16T16:16:16+05:30,444,24.25000,24.25000,28.75000,24.00000,25.25000,,,,
2026-01-16T16:16:37+05:30,445,24.00000,24.75000,29.00000,24.75000,25.75000,,,,
2026-01-16T16:16:58+05:30,446,24.00000,24.75000,29.25000,24.25000,25.50000,,,,
2026-01-16T16:17:19+05:30,447,23.50000,24.75000,29.00000,24.00000,25.75000,,,,
2026-01-16T16:17:39+05:30,448,24.00000,24.25000,28.75000,24.00000,25.50000,,,,
2026-01-16T16:18:00+05:30,449,23.50000,24.50000,29.00000,24.50000,25.50000,,,,
2026-01-16T16:18:21+05:30,450,23.50000,24.50000,28.50000,24.50000,25.50000,,,,
2026-01-16T16:18:42+05:30,451,23.50000,24.00000,28.50000,24.50000,24.75000,,,,
2026-01-16T16:19:03+05:30,452,23.75000,24.25000,28.25000,24.50000,25.50000,,,,
2026-01-16T16:19:24+05:30,453,23.50000,24.25000,28.50000,24.25000,25.75000,,,,
2026-01-16T16:19:45+05:30,454,23.50000,24.50000,29.00000,24.50000,25.25000,,,,
2026-01-16T16:20:06+05:30,455,24.25000,24.00000,28.75000,24.50000,25.00000,,,,
2026-01-16T16:20:27+05:30,456,24.00000,24.25000,29.00000,24.25000,24.50000,,,,
2026-01-16T16:20:48+05:30,457,24.00000,24.25000,28.25000,24.00000,25.25000,,,,
2026-01-16T16:21:09+05:30,458,24.00000,24.50000,28.75000,24.75000,24.75000,,,,
2026-01-16T16:21:30+05:30,459,23.75000,25.00000,29.00000,24.25000,25.25000,,,,
2026-01-16T16:21:51+05:30,460,23.50000,23.75000,28.75000,24.25000,25.00000,,,,
2026-01-16T16:22:12+05:30,461,23.75000,24.75000,28.00000,24.50000,24.75000,,,,
2026-01-16T16:22:33+05:30,462,24.00000,24.25000,28.75000,24.25000,25.25000,,,,
2026-01-16T16:22:54+05:30,463,23.25000,24.75000,28.50000,24.50000,25.25000,,,,
2026-01-16T16:23:15+05:30,464,24.00000,24.25000,28.50000,24.25000,25.00000,,,,
2026-01-16T16:23:36+05:30,465,23.75000,24.25000,28.50000,24.25000,25.00000,,,,
2026-01-16T16:23:56+05:30,466,24.25000,24.50000,28.75000,24.50000,25.25000,,,,
2026-01-16T16:24:17+05:30,467,23.50000,24.75000,29.00000,24.50000,25.50000,,,,
2026-01-16T16:24:38+05:30,468,24.00000,24.00000,28.75000,24.75000,24.50000,,,,
2026-01-16T16:24:59+05:30,469,24.00000,24.75000,28.25000,24.75000,24.75000,,,,
2026-01-16T16:25:20+05:30,470,24.00000,24.50000,28.00000,25.00000,25.25000,,,,
2026-01-16T16:25:41+05:30,471,24.25000,24.50000,27.50000,24.75000,25.25000,,,,
2026-01-16T16:26:02+05:30,472,24.25000,24.00000,28.50000,24.75000,25.50000,,,,
2026-01-16T16:26:23+05:30,473,24.25000,24.75000,28.75000,24.50000,25.00000,,,,
2026-01-16T16:26:44+05:30,474,24.50000,24.75000,28.50000,24.75000,24.75000,,,,
2026-01-16T16:27:05+05:30,475,24.75000,24.50000,28.00000,25.00000,24.75000,,,,
2026-01-16T16:27:26+05:30,476,24.75000,24.75000,28.00000,24.25000,25.25000,,,,
2026-01-16T16:27:47+05:30,477,24.50000,24.50000,28.50000,24.75000,25.25000,,,,
2026-01-16T16:28:07+05:30,478,24.75000,24.75000,28.50000,25.00000,24.75000,,,,
2026-01-16T16:28:28+05:30,479,24.50000,24.75000,28.50000,24.25000,24.75000,,,,
2026-01-16T16:28:49+05:30,480,24.75000,24.75000,28.50000,24.75000,25.00000,,,,
2026-01-16T16:29:10+05:30,481,25.00000,24.75000,28.75000,24.50000,24.50000,,,,
2026-01-16T16:29:31+05:30,482,25.00000,25.00000,28.00000,25.00000,24.50000,,,,
2026-01-16T16:29:52+05:30,483,25.50000,25.25000,28.50000,24.75000,25.25000,,,,
2026-01-16T16:30:13+05:30,484,25.50000,25.25000,28.25000,24.50000,25.00000,,,,
2026-01-16T16:30:34+05:30,485,26.00000,25.25000,28.50000,24.50000,25.25000,,,,
2026-01-16T16:30:55+05:30,486,25.50000,25.25000,29.00000,25.00000,24.75000,,,,
2026-01-16T16:31:16+05:30,487,26.00000,25.25000,28.75000,24.50000,25.25000,,,,
2026-01-16T16:31:37+05:30,488,26.00000,25.50000,29.00000,25.00000,25.00000,,,,
2026-01-16T16:31:57+05:30,489,26.25000,25.50000,28.75000,24.75000,25.25000,,,,
2026-01-16T16:32:18+05:30,490,26.25000,25.50000,28.75000,25.00000,25.00000,,,,
2026-01-16T16:32:39+05:30,491,26.00000,25.50000,29.00000,24.50000,25.75000,,,,
2026-01-16T16:33:00+05:30,492,25.75000,25.00000,29.00000,25.00000,25.50000,,,,
2026-01-16T16:33:21+05:30,493,26.50000,25.75000,29.00000,24.50000,26.00000,,,,
2026-01-16T16:33:42+05:30,494,26.50000,25.50000,28.75000,25.25000,25.00000,,,,
2026-01-16T16:34:03+05:30,495,26.25000,25.50000,29.00000,24.75000,26.00000,,,,
2026-01-16T16:34:24+05:30,496,26.75000,25.25000,29.25000,24.75000,25.50000,,,,
2026-01-16T16:34:45+05:30,497,26.25000,25.75000,28.50000,24.75000,26.00000,,,,
2026-01-16T16:35:06+05:30,498,27.00000,25.75000,29.25000,25.00000,26.50000,,,,
2026-01-16T16:35:27+05:30,499,26.75000,26.00000,29.25000,25.25000,25.75000,,,,
2026-01-16T16:35:47+05:30,500,26.75000,25.50000,29.00000,24.50000,26.00000,,,,
2026-01-16T16:36:08+05:30,501,27.00000,26.00000,29.00000,24.75000,26.25000,,,,
2026-01-16T16:36:29+05:30,502,26.75000,25.50000,29.25000,24.75000,26.25000,,,,
2026-01-16T16:36:50+05:30,503,27.00000,26.00000,28.75000,25.00000,26.25000,,,,
2026-01-16T16:37:11+05:30,504,27.25000,26.00000,29.00000,25.25000,26.25000,,,,
2026-01-16T16:37:32+05:30,505,27.00000,25.75000,29.00000,25.00000,26.25000,,,,
2026-01-16T16:37:53+05:30,506,27.00000,25.50000,29.50000,24.75000,26.00000,,,,
2026-01-16T16:38:14+05:30,507,27.00000,25.75000,29.25000,24.75000,26.25000,,,,
2026-01-16T16:38:35+05:30,508,27.25000,26.00000,29.25000,25.25000,26.50000,,,,
2026-01-16T16:38:55+05:30,509,27.50000,25.75000,29.25000,24.75000,26.50000,,,,
2026-01-16T16:39:16+05:30,510,26.75000,25.75000,29.25000,25.00000,26.50000,,,,
2026-01-16T16:39:37+05:30,511,27.75000,26.25000,29.25000,25.25000,26.50000,,,,
2026-01-16T16:39:58+05:30,512,27.50000,25.75000,28.75000,25.25000,26.50000,,,,
2026-01-16T16:40:19+05:30,513,28.25000,26.00000,29.50000,25.00000,27.00000,,,,
2026-01-16T16:40:40+05:30,514,28.00000,26.25000,29.75000,24.50000,27.00000,,,,
2026-01-16T16:41:01+05:30,515,28.50000,26.25000,29.75000,25.25000,26.75000,,,,
2026-01-16T16:41:22+05:30,516,28.75000,26.50000,29.75000,25.25000,26.75000,,,,
2026-01-16T16:41:43+05:30,517,28.50000,27.25000,30.00000,24.50000,27.00000,,,,
2026-01-16T16:42:04+05:30,518,29.00000,27.25000,30.50000,25.00000,27.00000,,,,
2026-01-16T16:42:25+05:30,519,29.75000,27.50000,30.25000,25.50000,27.25000,,,,
2026-01-16T16:42:46+05:30,520,30.00000,27.75000,31.00000,25.25000,27.75000,,,,
2026-01-16T16:43:07+05:30,521,30.00000,27.75000,30.75000,25.25000,27.50000,,,,
2026-01-16T16:43:27+05:30,522,30.25000,27.75000,30.75000,25.25000,27.50000,,,,
2026-01-16T16:43:48+05:30,523,29.75000,27.75000,31.25000,24.75000,27.75000,,,,
2026-01-16T16:44:09+05:30,524,30.75000,27.50000,31.25000,25.25000,27.75000,,,,
2026-01-16T16:44:30+05:30,525,31.00000,28.25000,31.00000,25.75000,28.50000,,,,
2026-01-16T16:44:51+05:30,526,31.25000,28.00000,31.50000,25.25000,28.00000,,,,
2026-01-16T16:45:12+05:30,527,31.50000,28.00000,31.50000,25.00000,27.75000,,,,
2026-01-16T16:45:33+05:30,528,31.50000,28.25000,31.75000,25.50000,28.25000,,,,
2026-01-16T16:45:54+05:30,529,31.50000,28.25000,32.50000,25.50000,28.75000,,,,
2026-01-16T16:46:15+05:30,530,32.00000,28.25000,32.50000,25.25000,28.50000,,,,
2026-01-16T16:46:36+05:30,531,31.75000,28.00000,32.25000,25.00000,29.00000,,,,
2026-01-16T16:46:57+05:30,532,32.25000,28.25000,31.75000,25.00000,29.00000,,,,
2026-01-16T16:47:18+05:30,533,32.25000,28.75000,32.50000,25.25000,28.50000,,,,
2026-01-16T16:47:39+05:30,534,32.25000,28.75000,32.75000,25.00000,28.75000,,,,
2026-01-16T16:48:00+05:30,535,32.00000,28.50000,33.25000,25.25000,29.00000,,,,
2026-01-16T16:48:20+05:30,536,32.00000,28.75000,33.50000,25.50000,29.25000,,,,
2026-01-16T16:48:41+05:30,537,32.50000,29.00000,32.25000,25.75000,29.50000,,,,
2026-01-16T16:49:02+05:30,538,33.00000,28.75000,33.25000,25.75000,28.75000,,,,
2026-01-16T16:49:23+05:30,539,32.75000,29.75000,33.25000,25.50000,29.75000,,,,
2026-01-16T16:49:44+05:30,540,33.00000,29.75000,33.25000,25.50000,29.50000,,,,
2026-01-16T16:50:05+05:30,541,33.00000,29.00000,33.75000,25.25000,29.75000,,,,
2026-01-16T16:50:26+05:30,542,33.00000,29.25000,33.00000,26.00000,29.25000,,,,
2026-01-16T16:50:47+05:30,543,32.75000,29.50000,33.25000,25.75000,29.75000,,,,
2026-01-16T16:51:08+05:30,544,33.00000,28.75000,34.00000,25.75000,30.00000,,,,
2026-01-16T16:51:29+05:30,545,33.00000,29.25000,33.75000,25.50000,30.25000,,,,
2026-01-16T16:51:50+05:30,546,33.00000,29.00000,34.00000,25.75000,30.00000,,,,
2026-01-16T16:52:10+05:30,547,32.50000,29.50000,34.25000,25.75000,30.00000,,,,
2026-01-16T16:52:31+05:30,548,33.25000,29.00000,34.00000,25.50000,29.75000,,,,
2026-01-16T16:52:52+05:30,549,33.00000,29.50000,34.00000,24.75000,30.00000,,,,
2026-01-16T16:53:13+05:30,550,33.50000,29.50000,34.25000,25.25000,29.75000,,,,
2026-01-16T16:53:34+05:30,551,33.75000,29.00000,34.25000,25.75000,30.00000,,,,
2026-01-16T16:53:55+05:30,552,33.75000,29.25000,34.50000,25.25000,30.25000,,,,
2026-01-16T16:54:16+05:30,553,33.25000,29.25000,35.00000,25.75000,30.00000,,,,
2026-01-16T16:54:37+05:30,554,34.00000,29.25000,34.75000,25.75000,30.25000,,,,
2026-01-16T16:54:58+05:30,555,35.00000,30.00000,35.00000,26.00000,29.75000,,,,
2026-01-16T16:55:18+05:30,556,35.50000,30.00000,34.75000,25.75000,29.50000,,,,
2026-01-16T16:55:39+05:30,557,35.75000,30.50000,35.50000,26.00000,30.50000,,,,
2026-01-16T16:56:00+05:30,558,35.75000,31.25000,35.75000,25.75000,30.50000,,,,
2026-01-16T16:56:21+05:30,559,37.00000,31.50000,35.75000,26.00000,31.00000,,,,
2026-01-16T16:56:42+05:30,560,37.50000,31.25000,36.50000,26.00000,31.00000,,,,
2026-01-16T16:57:03+05:30,561,37.50000,32.00000,37.00000,26.25000,31.00000,,,,
2026-01-16T16:57:24+05:30,562,38.00000,31.50000,36.50000,25.75000,31.50000,,,,
2026-01-16T16:57:45+05:30,563,38.50000,31.50000,37.25000,26.00000,31.75000,,,,
2026-01-16T16:58:06+05:30,564,38.75000,31.75000,37.50000,26.25000,31.50000,,,,
2026-01-16T16:58:27+05:30,565,39.00000,31.75000,37.50000,26.50000,32.00000,,,,
2026-01-16T16:58:48+05:30,566,39.00000,31.50000,38.25000,26.00000,32.25000,,,,
2026-01-16T16:59:09+05:30,567,39.50000,31.75000,38.00000,26.00000,32.50000,,,,
2026-01-16T16:59:30+05:30,568,39.75000,32.00000,38.50000,26.00000,32.00000,,,,
2026-01-16T16:59:51+05:30,569,40.00000,32.75000,38.75000,26.50000,32.75000,,,,
2026-01-16T17:00:12+05:30,570,40.25000,33.00000,39.25000,26.00000,33.25000,,,,
2026-01-16T17:00:33+05:30,571,40.00000,32.50000,39.00000,25.75000,33.50000,,,,
2026-01-16T17:00:53+05:30,572,39.50000,33.00000,39.25000,26.50000,33.00000,,,,
2026-01-16T17:01:14+05:30,573,40.25000,33.00000,39.25000,26.25000,33.25000,,,,
2026-01-16T17:01:35+05:30,574,40.50000,32.75000,39.50000,25.75000,33.50000,,,,
2026-01-16T17:01:56+05:30,575,40.00000,32.50000,39.50000,26.25000,33.75000,,,,
2026-01-16T17:02:17+05:30,576,38.00000,32.25000,39.75000,26.50000,33.00000,,,,
2026-01-16T17:02:38+05:30,577,38.00000,31.75000,39.75000,26.25000,33.50000,,,,
2026-01-16T17:02:59+05:30,578,38.25000,32.00000,39.75000,25.75000,33.50000,,,,
2026-01-16T17:03:20+05:30,579,39.25000,32.75000,40.00000,26.50000,33.75000,,,,
2026-01-16T17:03:41+05:30,580,39.50000,32.50000,40.50000,26.25000,33.75000,,,,
2026-01-16T17:04:02+05:30,581,40.00000,32.75000,40.75000,26.25000,34.00000,,,,
2026-01-16T17:04:23+05:30,582,40.00000,33.50000,40.75000,26.25000,33.50000,,,,
2026-01-16T17:04:44+05:30,583,41.25000,33.50000,41.00000,26.50000,34.00000,,,,
2026-01-16T17:05:05+05:30,584,42.25000,33.75000,41.25000,26.25000,34.25000,,,,
2026-01-16T17:05:26+05:30,585,42.75000,34.25000,41.25000,26.50000,34.75000,,,,
2026-01-16T17:05:47+05:30,586,43.00000,35.25000,41.75000,26.50000,35.00000,,,,
2026-01-16T17:06:08+05:30,587,43.75000,35.25000,41.50000,26.50000,35.00000,,,,
2026-01-16T17:06:29+05:30,588,44.25000,34.75000,42.25000,26.75000,35.75000,,,,
2026-01-16T17:06:50+05:30,589,45.00000,35.50000,42.75000,27.00000,35.75000,,,,
2026-01-16T17:07:11+05:30,590,45.50000,35.50000,43.25000,26.00000,36.00000,,,,
2026-01-16T17:07:32+05:30,591,45.75000,35.75000,43.50000,26.75000,36.25000,,,,
2026-01-16T17:07:52+05:30,592,45.75000,36.25000,44.00000,26.50000,35.75000,,,,
2026-01-16T17:08:13+05:30,593,46.50000,36.25000,44.25000,26.50000,36.50000,,,,
2026-01-16T17:08:34+05:30,594,46.75000,35.25000,44.25000,26.75000,37.25000,,,,
2026-01-16T17:08:55+05:30,595,47.00000,36.00000,44.50000,26.50000,36.75000,,,,
2026-01-16T17:09:16+05:30,596,47.75000,36.50000,45.00000,26.75000,37.25000,,,,
2026-01-16T17:09:37+05:30,597,49.75000,37.75000,45.50000,26.75000,37.25000,,,,
2026-01-16T17:09:58+05:30,598,51.75000,38.50000,46.25000,27.00000,37.75000,,,,
2026-01-16T17:10:19+05:30,599,53.50000,39.25000,47.00000,26.75000,38.00000,,,,
2026-01-16T17:10:40+05:30,600,54.75000,40.00000,48.00000,27.50000,38.75000,,,,
2026-01-16T17:11:00+05:30,601,56.25000,40.50000,48.50000,27.50000,39.50000,,,,
2026-01-16T17:11:21+05:30,602,58.50000,41.75000,49.25000,27.50000,40.00000,,,,
2026-01-16T17:11:45+05:30,603,59.00000,43.00000,49.75000,27.50000,40.25000,,,,
2026-01-16T17:12:06+05:30,604,60.00000,42.00000,50.75000,27.50000,41.25000,,,,
2026-01-16T17:12:27+05:30,605,60.50000,43.00000,51.25000,27.75000,41.50000,,,,
2026-01-16T17:12:48+05:30,606,61.25000,43.75000,51.75000,28.00000,42.00000,,,,
2026-01-16T17:13:08+05:30,607,61.50000,42.75000,52.00000,28.00000,42.75000,,,,
2026-01-16T17:13:29+05:30,608,61.75000,45.00000,52.75000,28.00000,42.75000,,,,
2026-01-16T17:13:50+05:30,609,62.25000,44.75000,53.25000,27.75000,43.50000,,,,
2026-01-16T17:14:11+05:30,610,62.00000,44.00000,53.50000,27.75000,43.00000,,,,
2026-01-16T17:14:32+05:30,611,62.50000,43.50000,53.75000,27.75000,43.25000,,,,
2026-01-16T17:14:53+05:30,612,62.25000,44.75000,54.50000,27.50000,44.50000,,,,
2026-01-16T17:15:17+05:30,613,63.00000,44.75000,54.25000,27.25000,45.25000,,,,
2026-01-16T17:15:38+05:30,614,63.00000,45.25000,55.00000,28.00000,45.25000,,,,
2026-01-16T17:15:59+05:30,615,61.75000,44.25000,55.00000,28.00000,46.00000,,,,
2026-01-16T17:16:21+05:30,616,58.50000,42.75000,54.25000,28.25000,45.50000,,,,
2026-01-16T17:16:42+05:30,617,54.25000,41.25000,53.50000,27.75000,45.25000,,,,
2026-01-16T17:17:03+05:30,618,50.00000,39.75000,52.25000,27.25000,44.75000,,,,
2026-01-16T17:17:24+05:30,619,46.25000,37.75000,51.25000,26.75000,43.50000,,,,
2026-01-16T17:17:45+05:30,620,44.00000,35.50000,50.25000,26.25000,43.50000,,,,
2026-01-16T17:18:06+05:30,621,41.75000,34.50000,49.25000,26.25000,42.25000,,,,
2026-01-16T17:18:27+05:30,622,39.75000,33.50000,48.25000,26.00000,41.50000,,,,
2026-01-16T17:18:48+05:30,623,38.00000,33.25000,48.25000,26.00000,40.75000,,,,
2026-01-16T17:19:09+05:30,624,36.75000,31.25000,47.50000,25.50000,39.50000,,,,
2026-01-16T17:19:30+05:30,625,35.00000,31.50000,46.50000,25.50000,39.25000,,,,
2026-01-16T17:19:51+05:30,626,34.25000,31.50000,45.50000,25.75000,38.00000,,,,
2026-01-16T17:20:11+05:30,627,33.25000,31.25000,45.00000,25.50000,37.50000,,,,
2026-01-16T17:20:32+05:30,628,33.00000,30.25000,44.75000,25.50000,37.00000,,,,
2026-01-16T17:20:53+05:30,629,32.75000,30.50000,44.00000,25.25000,36.75000,,,,
2026-01-16T17:21:14+05:30,630,32.00000,29.00000,43.75000,25.25000,35.50000,,,,
2026-01-16T17:21:35+05:30,631,31.50000,29.50000,42.75000,25.25000,35.75000,,,,
2026-01-16T17:21:56+05:30,632,31.50000,29.00000,42.25000,25.25000,35.00000,,,,
2026-01-16T17:22:17+05:30,633,30.75000,29.50000,42.00000,25.50000,34.25000,,,,
2026-01-16T17:22:38+05:30,634,30.00000,29.00000,41.50000,25.25000,34.50000,,,,
2026-01-16T17:22:59+05:30,635,29.75000,29.25000,41.25000,25.00000,34.00000,,,,
2026-01-16T17:23:20+05:30,636,29.75000,28.50000,41.25000,25.25000,32.75000,,,,
2026-01-16T17:23:41+05:30,637,29.25000,28.75000,40.75000,25.75000,32.75000,,,,
2026-01-16T17:24:02+05:30,638,29.00000,28.00000,40.50000,25.50000,32.75000,,,,
2026-01-16T17:24:23+05:30,639,29.00000,27.75000,40.00000,25.50000,32.75000,,,,
2026-01-16T17:24:44+05:30,640,28.50000,27.50000,39.75000,25.25000,32.00000,,,,
2026-01-16T17:25:05+05:30,641,28.25000,27.25000,39.50000,25.00000,32.00000,,,,
2026-01-16T17:25:25+05:30,642,28.50000,27.75000,39.25000,25.25000,31.50000,,,,
2026-01-16T17:25:46+05:30,643,28.00000,28.00000,39.00000,25.25000,31.50000,,,,
2026-01-16T17:26:07+05:30,644,27.75000,27.75000,38.75000,25.50000,31.25000,,,,
2026-01-16T17:26:28+05:30,645,28.00000,27.75000,38.75000,25.25000,30.75000,,,,
2026-01-16T17:26:49+05:30,646,27.50000,27.75000,38.25000,25.25000,30.25000,,,,
2026-01-16T17:27:10+05:30,647,27.75000,27.75000,38.00000,25.75000,30.25000,,,,
2026-01-16T17:27:31+05:30,648,27.00000,27.25000,38.00000,25.25000,30.00000,,,,
2026-01-16T17:27:52+05:30,649,27.50000,26.50000,38.00000,25.75000,30.00000,,,,
2026-01-16T17:28:13+05:30,650,27.50000,27.75000,37.75000,25.50000,30.00000,,,,
2026-01-16T17:28:34+05:30,651,27.00000,27.50000,37.25000,25.25000,29.25000,,,,
2026-01-16T17:28:55+05:30,652,26.75000,27.25000,37.25000,25.25000,29.75000,,,,
2026-01-16T17:29:16+05:30,653,26.75000,27.00000,37.00000,25.75000,29.25000,,,,
2026-01-16T17:29:37+05:30,654,27.00000,26.25000,37.25000,25.50000,29.00000,,,,
2026-01-16T17:29:58+05:30,655,26.50000,27.00000,37.00000,25.50000,28.75000,,,,
2026-01-16T17:30:19+05:30,656,26.75000,27.00000,36.50000,25.25000,29.25000,,,,
2026-01-16T17:30:39+05:30,657,26.75000,26.75000,36.25000,25.50000,29.00000,,,,
2026-01-16T17:31:00+05:30,658,26.75000,27.00000,36.50000,25.50000,28.25000,,,,
2026-01-16T17:31:21+05:30,659,26.50000,26.75000,36.50000,25.75000,28.75000,,,,
2026-01-16T17:31:42+05:30,660,26.50000,27.00000,35.75000,25.00000,28.75000,,,,
2026-01-16T17:32:03+05:30,661,26.25000,26.50000,36.25000,25.50000,28.75000,,,,
2026-01-16T17:32:24+05:30,662,26.00000,26.25000,36.25000,25.00000,28.75000,,,,
2026-01-16T17:32:45+05:30,663,26.25000,27.25000,35.75000,25.50000,28.75000,,,,
2026-01-16T17:33:06+05:30,664,25.75000,26.50000,35.25000,25.25000,28.50000,,,,
2026-01-16T17:33:28+05:30,665,26.00000,26.25000,35.50000,25.75000,28.25000,,,,
2026-01-16T17:33:49+05:30,666,26.00000,26.25000,35.50000,25.50000,28.50000,,,,
2026-01-16T17:34:10+05:30,667,26.25000,26.50000,35.50000,25.25000,28.00000,,,,
2026-01-16T17:34:31+05:30,668,26.00000,26.50000,35.25000,25.00000,28.50000,,,,
2026-01-16T17:34:51+05:30,669,25.50000,26.50000,35.25000,25.00000,28.00000,,,,
2026-01-16T17:35:12+05:30,670,25.75000,26.25000,34.75000,25.25000,28.25000,,,,
2026-01-16T17:35:33+05:30,671,25.75000,26.25000,34.50000,25.50000,27.75000,,,,
2026-01-16T17:35:54+05:30,672,26.00000,25.75000,34.50000,25.25000,27.25000,,,,
2026-01-16T17:36:15+05:30,673,25.50000,25.75000,35.00000,25.75000,28.00000,,,,
2026-01-16T17:36:36+05:30,674,26.00000,25.50000,34.50000,25.50000,27.75000,,,,
2026-01-16T17:36:57+05:30,675,25.75000,25.75000,34.50000,25.50000,27.50000,,,,
2026-01-16T17:37:18+05:30,676,25.50000,26.00000,34.50000,25.25000,27.00000,,,,
2026-01-16T17:37:40+05:30,677,25.75000,25.50000,34.50000,25.50000,26.75000,,,,
2026-01-16T17:38:01+05:30,678,25.75000,25.50000,34.25000,25.75000,27.50000,,,,
2026-01-16T17:38:22+05:30,679,25.50000,25.75000,34.25000,25.25000,27.75000,,,,
2026-01-16T17:38:43+05:30,680,25.25000,26.00000,34.00000,25.75000,27.25000,,,,
2026-01-16T17:39:03+05:30,681,25.25000,25.75000,33.75000,25.50000,27.25000,,,,
2026-01-16T17:39:24+05:30,682,25.50000,25.75000,33.75000,25.25000,26.75000,,,,
2026-01-16T17:39:45+05:30,683,25.50000,25.50000,33.75000,25.75000,27.25000,,,,
2026-01-16T17:40:06+05:30,684,25.50000,25.50000,33.25000,25.75000,27.00000,,,,
2026-01-16T17:40:27+05:30,685,24.75000,25.50000,33.25000,25.50000,26.50000,,,,
2026-01-16T17:40:48+05:30,686,25.00000,25.25000,33.75000,25.75000,27.25000,,,,
2026-01-16T17:41:09+05:30,687,25.50000,25.25000,33.50000,25.00000,26.75000,,,,
2026-01-16T17:41:30+05:30,688,25.25000,25.50000,33.00000,25.50000,26.75000,,,,
2026-01-16T17:41:51+05:30,689,25.00000,25.00000,33.50000,25.75000,27.00000,,,,
2026-01-16T17:42:12+05:30,690,25.25000,25.00000,33.00000,25.75000,26.25000,,,,
2026-01-16T17:42:33+05:30,691,25.00000,25.00000,33.00000,25.25000,26.50000,,,,
2026-01-16T17:42:54+05:30,692,25.00000,25.50000,33.00000,25.00000,26.25000,,,,
2026-01-16T17:43:15+05:30,693,25.25000,25.25000,32.50000,25.75000,26.50000,,,,
2026-01-16T17:43:35+05:30,694,24.75000,25.25000,32.25000,26.00000,26.75000,,,,
2026-01-16T17:43:56+05:30,695,25.25000,26.00000,33.00000,25.75000,27.00000,,,,
2026-01-16T17:44:17+05:30,696,24.25000,25.75000,32.75000,25.75000,26.75000,,,,
2026-01-16T17:44:38+05:30,697,24.75000,25.75000,32.50000,26.00000,26.50000,,,,
2026-01-16T17:44:59+05:30,698,25.00000,25.25000,32.75000,26.00000,26.50000,,,,
2026-01-16T17:45:20+05:30,699,25.00000,25.50000,32.75000,25.75000,26.50000,,,,
2026-01-16T17:45:41+05:30,700,25.00000,25.50000,32.00000,25.50000,26.50000,,,,
2026-01-16T17:46:02+05:30,701,25.00000,24.75000,31.75000,25.50000,26.25000,,,,
2026-01-16T17:46:23+05:30,702,24.75000,25.25000,32.25000,25.50000,26.25000,,,,
2026-01-16T17:46:44+05:30,703,24.75000,26.00000,32.50000,25.50000,26.00000,,,,
2026-01-16T17:47:04+05:30,704,24.25000,25.25000,31.75000,25.75000,26.50000,,,,
2026-01-16T17:47:25+05:30,705,24.75000,25.50000,31.50000,25.75000,26.75000,,,,
2026-01-16T17:47:46+05:30,706,24.75000,25.25000,31.75000,25.25000,26.25000,,,,
2026-01-16T17:48:07+05:30,707,25.00000,25.50000,31.75000,25.50000,26.75000,,,,
2026-01-16T17:48:28+05:30,708,24.50000,25.25000,32.00000,26.00000,26.75000,,,,
2026-01-16T17:48:49+05:30,709,24.75000,25.50000,32.00000,26.00000,26.75000,,,,
2026-01-16T17:49:10+05:30,710,24.50000,25.25000,32.00000,25.50000,26.75000,,,,
2026-01-16T17:49:31+05:30,711,24.75000,25.25000,32.00000,25.75000,26.75000,,,,
2026-01-16T17:49:52+05:30,712,24.75000,25.00000,31.75000,25.75000,26.25000,,,,
2026-01-16T17:50:13+05:30,713,24.75000,25.50000,31.75000,25.75000,26.50000,,,,
2026-01-16T17:50:33+05:30,714,24.75000,25.25000,31.50000,26.00000,26.75000,,,,
2026-01-16T17:50:54+05:30,715,24.50000,25.50000,31.75000,25.75000,26.50000,,,,
2026-01-16T17:51:15+05:30,716,24.25000,25.50000,31.50000,25.25000,26.25000,,,,
2026-01-16T17:51:36+05:30,717,23.75000,25.00000,31.00000,25.50000,26.50000,,,,
2026-01-16T17:51:57+05:30,718,24.00000,24.50000,31.25000,25.75000,25.75000,,,,
2026-01-16T17:52:18+05:30,719,24.50000,24.75000,31.50000,26.00000,26.25000,,,,
2026-01-16T17:52:39+05:30,720,24.50000,24.75000,31.00000,25.75000,26.00000,,,,
2026-01-16T17:53:00+05:30,721,24.50000,24.50000,31.25000,25.75000,26.00000,,,,
2026-01-16T17:53:21+05:30,722,24.00000,24.50000,30.75000,26.00000,26.00000,,,,
2026-01-16T17:53:42+05:30,723,24.25000,24.75000,31.00000,25.50000,26.25000,,,,
2026-01-16T17:54:02+05:30,724,24.25000,24.75000,31.25000,25.50000,26.25000,,,,
2026-01-16T17:54:23+05:30,725,24.50000,25.00000,31.25000,26.00000,25.75000,,,,
2026-01-16T17:54:44+05:30,726,24.50000,25.00000,30.75000,25.50000,25.75000,,,,
2026-01-16T17:55:05+05:30,727,24.25000,25.00000,31.00000,25.50000,26.25000,,,,
2026-01-16T17:55:26+05:30,728,24.00000,25.25000,31.00000,26.00000,26.00000,,,,
2026-01-16T17:55:47+05:30,729,24.00000,24.75000,30.50000,25.75000,25.50000,,,,
2026-01-16T17:56:08+05:30,730,24.25000,24.50000,30.50000,26.00000,26.25000,,,,
2026-01-16T17:56:29+05:30,731,24.00000,25.25000,30.50000,26.00000,26.00000,,,,
2026-01-16T17:56:50+05:30,732,24.50000,25.50000,30.75000,25.50000,26.00000,,,,
2026-01-16T17:57:10+05:30,733,24.50000,25.00000,30.75000,25.50000,25.75000,,,,
2026-01-16T17:57:31+05:30,734,24.25000,25.25000,30.25000,25.75000,26.25000,,,,
2026-01-16T17:57:52+05:30,735,24.50000,25.00000,30.75000,26.00000,25.75000,,,,
2026-01-16T17:58:13+05:30,736,24.00000,25.00000,30.50000,25.75000,25.75000,,,,
2026-01-16T17:58:34+05:30,737,24.50000,25.00000,30.50000,26.25000,25.75000,,,,
2026-01-16T17:58:55+05:30,738,24.50000,25.00000,30.75000,26.00000,26.00000,,,,
2026-01-16T17:59:16+05:30,739,24.25000,25.00000,30.50000,26.00000,25.25000,,,,
2026-01-16T17:59:37+05:30,740,24.25000,25.00000,30.00000,25.75000,25.75000,,,,
2026-01-16T17:59:58+05:30,741,23.75000,24.50000,30.50000,26.00000,25.50000,,,,
2026-01-16T18:00:19+05:30,742,24.00000,25.00000,30.75000,26.00000,25.50000,,,,
2026-01-16T18:00:39+05:30,743,24.25000,25.25000,30.25000,25.75000,25.75000,,,,
2026-01-16T18:01:00+05:30,744,24.50000,24.75000,30.50000,26.00000,26.00000,,,,
2026-01-16T18:01:21+05:30,745,24.00000,24.50000,30.50000,25.75000,25.75000,,,,
2026-01-16T18:01:42+05:30,746,24.50000,25.00000,30.25000,26.00000,25.50000,,,,
2026-01-16T18:02:03+05:30,747,24.25000,24.75000,30.25000,26.00000,25.50000,,,,
2026-01-16T18:02:24+05:30,748,24.25000,25.00000,30.50000,25.50000,26.00000,,,,
2026-01-16T18:02:45+05:30,749,24.25000,25.25000,30.25000,26.00000,26.00000,,,,
2026-01-16T18:03:06+05:30,750,24.25000,25.00000,30.25000,26.00000,26.00000,,,,
2026-01-16T18:03:27+05:30,751,24.00000,24.75000,30.00000,26.00000,26.25000,,,,
2026-01-16T18:03:48+05:30,752,24.25000,25.00000,30.25000,25.75000,26.00000,,,,
2026-01-16T18:04:09+05:30,753,24.00000,24.75000,30.00000,26.00000,26.25000,,,,
2026-01-16T18:04:30+05:30,754,24.00000,24.50000,29.75000,25.75000,26.00000,,,,
2026-01-16T18:04:50+05:30,755,24.50000,24.50000,29.75000,25.50000,25.50000,,,,
2026-01-16T18:05:11+05:30,756,24.25000,24.75000,30.00000,25.75000,25.25000,,,,
2026-01-16T18:05:32+05:30,757,24.25000,24.50000,30.00000,25.25000,25.50000,,,,
2026-01-16T18:05:53+05:30,758,24.75000,24.50000,29.75000,26.00000,25.50000,,,,
2026-01-16T18:06:14+05:30,759,24.50000,25.25000,30.00000,26.00000,25.50000,,,,
2026-01-16T18:06:35+05:30,760,24.50000,25.00000,29.25000,26.00000,25.50000,,,,
2026-01-16T18:06:56+05:30,761,24.00000,25.00000,29.75000,26.25000,25.75000,,,,
2026-01-16T18:07:17+05:30,762,24.25000,24.75000,30.00000,26.00000,25.75000,,,,
2026-01-16T18:07:38+05:30,763,24.00000,25.00000,29.75000,26.00000,25.50000,,,,
2026-01-16T18:08:22+05:30,764,24.25000,24.75000,29.75000,26.00000,25.50000,,,,
2026-01-16T18:08:43+05:30,765,24.25000,24.75000,29.25000,26.00000,25.75000,,,,
2026-01-16T18:09:04+05:30,766,24.25000,24.50000,29.50000,26.25000,25.25000,,,,
2026-01-16T18:09:25+05:30,767,23.25000,24.50000,29.50000,26.00000,25.25000,,,,
2026-01-16T18:09:45+05:30,768,24.25000,24.50000,29.00000,26.50000,25.50000,,,,
2026-01-16T18:10:06+05:30,769,24.25000,24.75000,29.00000,26.00000,25.75000,,,,
2026-01-16T18:10:27+05:30,770,24.25000,25.00000,29.25000,26.00000,25.50000,,,,
2026-01-16T18:10:48+05:30,771,24.00000,24.75000,29.25000,26.25000,25.75000,,,,
2026-01-16T18:11:09+05:30,772,24.25000,25.00000,29.50000,26.25000,25.25000,,,,
2026-01-16T18:11:30+05:30,773,24.25000,24.75000,29.50000,26.00000,25.75000,,,,
2026-01-16T18:11:51+05:30,774,24.00000,24.75000,29.50000,26.25000,25.50000,,,,
2026-01-16T18:12:12+05:30,775,24.25000,24.00000,29.75000,26.00000,25.75000,,,,
2026-01-16T18:12:33+05:30,776,24.50000,24.25000,29.25000,25.75000,25.25000,,,,
2026-01-16T18:12:54+05:30,777,23.75000,24.75000,29.25000,26.25000,25.50000,,,,
2026-01-16T18:13:15+05:30,778,24.00000,24.50000,29.00000,26.00000,25.50000,,,,
2026-01-16T18:13:36+05:30,779,23.75000,24.75000,29.00000,26.25000,25.25000,,,,
2026-01-16T18:13:58+05:30,780,23.75000,24.00000,29.75000,25.75000,25.50000,,,,
2026-01-16T18:14:18+05:30,781,23.75000,25.00000,28.50000,26.00000,25.00000,,,,
2026-01-16T18:14:40+05:30,782,24.00000,24.50000,29.25000,26.00000,25.25000,,,,
2026-01-16T18:15:00+05:30,783,24.00000,25.00000,29.25000,26.00000,26.00000,,,,
2026-01-16T18:15:21+05:30,784,24.00000,24.00000,29.25000,25.75000,25.75000,,,,
2026-01-16T18:15:42+05:30,785,24.25000,24.75000,28.75000,26.00000,25.50000,,,,
2026-01-16T18:16:03+05:30,786,23.50000,24.50000,29.25000,26.00000,25.50000,,,,
2026-01-16T18:16:24+05:30,787,24.25000,24.75000,29.25000,26.50000,25.75000,,,,
2026-01-16T18:16:45+05:30,788,24.25000,25.00000,29.25000,25.75000,25.00000,,,,
2026-01-16T18:17:06+05:30,789,24.00000,25.00000,28.75000,26.25000,25.75000,,,,
2026-01-16T18:17:27+05:30,790,23.50000,24.50000,29.00000,26.00000,25.50000,,,,
2026-01-16T18:17:48+05:30,791,23.75000,24.75000,29.00000,26.25000,25.25000,,,,
2026-01-16T18:18:09+05:30,792,24.00000,24.25000,28.50000,26.25000,25.50000,,,,
2026-01-16T18:18:30+05:30,793,24.00000,24.75000,28.50000,26.00000,25.25000,,,,
2026-01-16T18:18:51+05:30,794,23.75000,24.50000,29.00000,26.25000,24.75000,,,,
2026-01-16T18:19:12+05:30,795,23.75000,24.50000,28.50000,25.75000,25.50000,,,,
2026-01-16T18:19:33+05:30,796,24.00000,24.25000,29.00000,26.25000,25.25000,,,,
2026-01-16T18:19:54+05:30,797,23.75000,24.75000,28.50000,26.25000,25.25000,,,,
2026-01-16T18:20:14+05:30,798,23.50000,25.00000,28.50000,26.50000,25.25000,,,,
2026-01-16T18:20:35+05:30,799,24.00000,25.00000,28.75000,26.00000,25.50000,,,,
2026-01-16T18:20:56+05:30,800,23.50000,24.50000,29.00000,26.00000,25.25000,,,,
2026-01-16T18:21:17+05:30,801,23.75000,24.75000,28.75000,26.00000,26.00000,,,,
2026-01-16T18:21:38+05:30,802,24.25000,24.00000,28.75000,26.00000,25.50000,,,,
2026-01-16T18:21:59+05:30,803,24.00000,24.75000,29.00000,26.25000,25.00000,,,,
2026-01-16T18:22:20+05:30,804,23.25000,24.75000,28.25000,26.25000,25.25000,,,,
2026-01-16T18:22:41+05:30,805,23.75000,24.25000,28.25000,26.25000,25.25000,,,,
2026-01-16T18:23:02+05:30,806,24.25000,24.25000,28.25000,26.25000,25.75000,,,,
2026-01-16T18:23:22+05:30,807,23.50000,24.50000,28.75000,26.00000,24.50000,,,,
2026-01-16T18:23:43+05:30,808,24.25000,24.50000,28.75000,26.25000,24.75000,,,,
2026-01-16T18:24:04+05:30,809,23.75000,24.25000,28.25000,26.50000,25.50000,,,,
2026-01-16T18:24:25+05:30,810,24.00000,24.50000,28.50000,26.50000,25.25000,,,,
2026-01-16T18:24:46+05:30,811,24.00000,24.25000,28.75000,26.25000,25.00000,,,,
2026-01-16T18:25:07+05:30,812,24.00000,24.00000,28.50000,25.75000,24.75000,,,,
2026-01-16T18:25:28+05:30,813,23.75000,24.50000,28.75000,26.25000,25.25000,,,,
2026-01-16T18:25:49+05:30,814,24.00000,24.25000,28.25000,25.75000,24.75000,,,,
2026-01-16T18:26:10+05:30,815,24.25000,24.75000,28.50000,26.25000,25.25000,,,,
2026-01-16T18:26:31+05:30,816,23.50000,25.00000,28.75000,26.25000,24.75000,,,,
2026-01-16T18:26:51+05:30,817,23.75000,24.25000,28.25000,25.75000,25.00000,,,,
2026-01-16T18:27:12+05:30,818,24.00000,24.50000,28.00000,26.00000,25.00000,,,,
2026-01-16T18:27:33+05:30,819,24.00000,24.50000,28.00000,26.00000,24.75000,,,,
2026-01-16T18:27:54+05:30,820,24.00000,24.75000,28.00000,25.75000,24.50000,,,,
2026-01-16T18:28:15+05:30,821,23.75000,24.50000,27.75000,26.25000,25.25000,,,,
2026-01-16T18:28:36+05:30,822,23.25000,24.75000,28.25000,26.50000,25.00000,,,,
2026-01-16T18:28:57+05:30,823,23.75000,24.50000,28.50000,26.25000,25.00000,,,,
2026-01-16T18:29:18+05:30,824,23.75000,24.25000,28.25000,25.75000,25.25000,,,,
2026-01-16T18:29:39+05:30,825,23.50000,24.25000,28.00000,26.25000,25.00000,,,,
2026-01-16T18:30:00+05:30,826,23.75000,24.00000,28.25000,26.25000,24.50000,,,,
2026-01-16T18:30:20+05:30,827,24.00000,24.00000,28.25000,26.50000,25.00000,,,,
2026-01-16T18:30:41+05:30,828,23.75000,24.00000,28.50000,26.25000,24.75000,,,,
2026-01-16T18:31:02+05:30,829,24.00000,24.25000,28.25000,26.00000,24.50000,,,,
2026-01-16T18:31:23+05:30,830,23.75000,24.50000,28.25000,26.25000,24.75000,,,,
2026-01-16T18:31:44+05:30,831,23.75000,24.50000,28.00000,26.25000,24.25000,,,,
2026-01-16T18:32:05+05:30,832,23.75000,25.00000,28.00000,26.25000,25.00000,,,,
2026-01-16T18:32:26+05:30,833,24.00000,24.50000,28.00000,26.25000,25.00000,,,,
2026-01-16T18:32:47+05:30,834,23.75000,24.00000,27.75000,26.25000,24.50000,,,,
2026-01-16T18:33:08+05:30,835,23.25000,24.75000,27.75000,26.25000,24.75000,,,,
2026-01-16T18:33:29+05:30,836,23.75000,24.25000,28.00000,26.00000,25.25000,,,,
2026-01-16T18:33:49+05:30,837,24.00000,24.50000,28.00000,26.25000,24.75000,,,,
2026-01-16T18:34:10+05:30,838,23.75000,24.25000,28.25000,26.25000,25.25000,,,,
2026-01-16T18:34:31+05:30,839,23.75000,24.50000,28.25000,26.25000,24.75000,,,,
2026-01-16T18:34:52+05:30,840,24.00000,24.00000,28.50000,26.25000,25.00000,,,,
2026-01-16T18:35:13+05:30,841,24.00000,24.50000,28.00000,26.00000,24.50000,,,,
2026-01-16T18:35:34+05:30,842,23.75000,23.75000,28.00000,26.25000,25.00000,,,,
2026-01-16T18:35:55+05:30,843,23.75000,24.50000,27.50000,26.25000,25.00000,,,,
2026-01-16T18:36:16+05:30,844,23.75000,24.25000,28.00000,26.25000,24.75000,,,,
2026-01-16T18:36:37+05:30,845,24.00000,24.00000,27.75000,26.25000,25.00000,,,,
2026-01-16T18:36:58+05:30,846,23.50000,23.50000,27.50000,25.25000,25.25000,,,,
2026-01-16T18:37:19+05:30,847,23.50000,24.25000,28.25000,26.00000,25.00000,,,,
2026-01-16T18:37:39+05:30,848,23.50000,23.75000,28.50000,26.25000,24.75000,,,,
2026-01-16T18:38:00+05:30,849,23.75000,23.75000,27.75000,26.25000,24.50000,,,,
2026-01-16T18:38:21+05:30,850,23.50000,24.50000,28.00000,25.75000,25.00000,,,,
2026-01-16T18:38:42+05:30,851,23.75000,24.25000,28.25000,26.50000,24.25000,,,,
2026-01-16T18:39:03+05:30,852,24.00000,24.25000,28.25000,25.75000,24.75000,,,,
2026-01-16T18:39:24+05:30,853,23.75000,24.00000,27.75000,26.25000,24.75000,,,,
2026-01-16T18:39:45+05:30,854,23.75000,24.25000,27.50000,26.25000,25.00000,,,,
2026-01-16T18:40:06+05:30,855,24.00000,24.25000,27.50000,25.75000,23.75000,,,,
2026-01-16T18:40:27+05:30,856,23.75000,24.25000,27.50000,26.50000,24.75000,,,,
2026-01-16T18:40:48+05:30,857,23.25000,24.25000,27.75000,26.25000,23.75000,,,,
2026-01-16T18:41:08+05:30,858,23.75000,24.50000,28.00000,26.25000,24.75000,,,,
2026-01-16T18:41:29+05:30,859,23.75000,24.50000,27.75000,26.25000,24.75000,,,,
2026-01-16T18:41:50+05:30,860,23.75000,24.50000,27.50000,26.25000,25.00000,,,,
2026-01-16T18:42:11+05:30,861,23.75000,24.50000,27.75000,25.75000,24.25000,,,,
2026-01-16T18:42:32+05:30,862,23.75000,24.50000,27.00000,26.50000,24.50000,,,,
2026-01-16T18:42:53+05:30,863,23.75000,23.75000,27.25000,26.50000,25.00000,,,,
2026-01-16T18:43:14+05:30,864,23.75000,24.25000,27.50000,26.00000,24.75000,,,,
2026-01-16T18:43:35+05:30,865,23.50000,24.00000,27.25000,26.25000,24.25000,,,,
2026-01-16T18:43:56+05:30,866,23.75000,24.00000,27.50000,26.50000,24.50000,,,,
2026-01-16T18:44:16+05:30,867,23.75000,23.75000,27.25000,26.25000,25.00000,,,,
2026-01-16T18:44:37+05:30,868,23.75000,24.25000,27.75000,26.00000,24.50000,,,,
2026-01-16T18:44:58+05:30,869,23.50000,24.25000,27.75000,26.50000,24.75000,,,,
2026-01-16T18:45:19+05:30,870,23.50000,24.00000,27.50000,26.50000,24.75000,,,,
2026-01-16T18:45:40+05:30,871,23.75000,24.25000,27.50000,26.25000,24.50000,,,,
2026-01-16T18:46:01+05:30,872,23.75000,24.50000,27.50000,26.50000,24.50000,,,,
2026-01-16T18:46:22+05:30,873,24.00000,24.25000,27.00000,26.25000,24.75000,,,,
2026-01-16T18:46:43+05:30,874,23.75000,24.25000,27.00000,26.25000,24.50000,,,,
2026-01-16T18:47:04+05:30,875,23.75000,24.25000,27.50000,26.25000,24.50000,,,,
2026-01-16T18:47:25+05:30,876,24.00000,24.25000,28.00000,26.00000,24.50000,,,,
2026-01-16T18:47:46+05:30,877,23.00000,23.75000,27.75000,26.50000,24.50000,,,,
2026-01-16T18:48:07+05:30,878,23.75000,24.25000,27.25000,25.75000,24.75000,,,,
2026-01-16T18:48:28+05:30,879,23.50000,23.75000,27.25000,26.50000,24.50000,,,,
2026-01-16T18:48:49+05:30,880,23.75000,24.50000,26.75000,26.50000,25.00000,,,,
2026-01-16T18:49:10+05:30,881,23.50000,24.50000,27.50000,26.25000,24.50000,,,,
2026-01-16T18:49:31+05:30,882,23.50000,24.50000,27.50000,26.00000,25.00000,,,,
2026-01-16T18:49:52+05:30,883,23.50000,24.25000,27.50000,26.25000,24.25000,,,,
2026-01-16T18:50:13+05:30,884,23.50000,24.00000,27.00000,26.50000,24.25000,,,,
2026-01-16T18:50:34+05:30,885,23.25000,24.50000,27.00000,26.50000,24.50000,,,,
2026-01-16T18:50:55+05:30,886,23.00000,23.50000,27.50000,26.00000,24.50000,,,,
2026-01-16T18:51:16+05:30,887,23.50000,24.50000,27.00000,26.25000,24.75000,,,,
2026-01-16T18:51:38+05:30,888,23.75000,24.50000,27.50000,26.50000,24.25000,,,,
2026-01-16T18:51:59+05:30,889,23.50000,24.25000,27.00000,26.25000,24.50000,,,,
2026-01-16T18:52:20+05:30,890,23.75000,24.00000,27.75000,26.25000,24.00000,,,,
2026-01-16T18:52:41+05:30,891,23.25000,24.50000,27.50000,26.00000,24.50000,,,,
2026-01-16T18:53:02+05:30,892,23.75000,24.25000,27.50000,26.00000,24.25000,,,,
2026-01-16T18:53:23+05:30,893,23.75000,24.50000,27.25000,26.00000,24.50000,,,,
2026-01-16T18:53:44+05:30,894,23.75000,24.00000,27.50000,26.50000,24.25000,,,,
2026-01-16T18:54:05+05:30,895,23.50000,24.25000,27.50000,26.00000,24.75000,,,,
2026-01-16T18:54:25+05:30,896,24.00000,24.00000,27.25000,26.50000,24.50000,,,,
2026-01-16T18:54:46+05:30,897,23.75000,23.50000,27.00000,26.25000,24.50000,,,,
2026-01-16T18:55:07+05:30,898,23.75000,24.00000,27.25000,26.25000,25.25000,,,,
2026-01-16T18:55:28+05:30,899,23.75000,24.00000,27.00000,26.50000,24.50000,,,,
2026-01-16T18:55:49+05:30,900,23.50000,24.00000,27.75000,26.25000,24.50000,,,,
2026-01-16T18:56:11+05:30,901,23.75000,24.25000,27.50000,26.50000,24.50000,,,,
2026-01-16T18:56:32+05:30,902,23.50000,24.25000,27.50000,26.25000,24.00000,,,,
2026-01-16T18:56:53+05:30,903,23.25000,24.00000,27.25000,26.50000,24.50000,,,,
2026-01-16T18:57:14+05:30,904,23.50000,24.50000,27.25000,26.50000,24.75000,,,,
2026-01-16T18:57:35+05:30,905,23.75000,24.00000,27.00000,26.50000,24.25000,,,,
2026-01-16T18:57:55+05:30,906,23.50000,23.25000,27.00000,26.50000,24.75000,,,,
2026-01-16T18:58:16+05:30,907,23.75000,23.75000,27.00000,26.25000,24.75000,,,,
2026-01-16T18:58:37+05:30,908,23.25000,24.25000,27.00000,26.50000,24.50000,,,,
2026-01-16T18:58:58+05:30,909,23.25000,24.00000,27.50000,26.50000,23.75000,,,,
2026-01-16T18:59:19+05:30,910,23.75000,24.00000,26.75000,26.50000,24.25000,,,,
2026-01-16T18:59:40+05:30,911,23.75000,24.00000,27.00000,26.50000,24.50000,,,,
2026-01-16T19:00:03+05:30,912,23.25000,24.00000,27.00000,26.50000,24.25000,,,,
2026-01-16T19:00:24+05:30,913,23.50000,24.25000,27.00000,26.00000,24.50000,,,,
2026-01-16T19:00:45+05:30,914,23.50000,24.50000,27.00000,26.00000,23.75000,,,,
2026-01-16T19:01:06+05:30,915,23.75000,24.25000,27.25000,25.75000,24.50000,,,,
2026-01-16T19:01:27+05:30,916,23.50000,24.50000,27.00000,26.50000,24.50000,,,,
2026-01-16T19:01:47+05:30,917,23.75000,24.25000,27.00000,26.50000,24.50000,,,,
2026-01-16T19:02:08+05:30,918,23.75000,24.00000,27.00000,26.50000,24.25000,,,,
2026-01-16T19:02:29+05:30,919,23.25000,24.25000,27.25000,26.50000,24.00000,,,,
2026-01-16T19:02:50+05:30,920,23.75000,24.25000,27.00000,26.25000,24.50000,,,,
2026-01-16T19:03:11+05:30,921,23.75000,24.50000,26.75000,26.25000,24.50000,,,,
2026-01-16T19:03:32+05:30,922,23.75000,24.00000,26.75000,26.00000,24.50000,,,,
2026-01-16T19:03:53+05:30,923,23.75000,23.50000,27.25000,26.50000,24.50000,,,,
2026-01-16T19:04:14+05:30,924,23.25000,23.75000,27.00000,26.50000,24.75000,,,,
2026-01-16T19:04:35+05:30,925,23.75000,23.25000,26.75000,26.00000,23.75000,,,,
2026-01-16T19:04:56+05:30,926,23.75000,24.25000,27.25000,26.25000,24.00000,,,,
2026-01-16T19:05:18+05:30,927,23.75000,23.75000,26.75000,26.00000,24.75000,,,,
2026-01-16T19:05:39+05:30,928,23.75000,24.25000,27.00000,25.50000,24.50000,,,,
2026-01-16T19:05:59+05:30,929,23.25000,24.25000,26.50000,26.25000,24.50000,,,,
2026-01-16T19:06:20+05:30,930,23.75000,24.00000,26.50000,26.50000,24.00000,,,,
2026-01-16T19:06:41+05:30,931,23.50000,24.50000,27.00000,26.50000,24.50000,,,,
2026-01-16T19:07:03+05:30,932,23.75000,24.50000,26.75000,26.00000,24.50000,,,,
2026-01-16T19:07:24+05:30,933,23.25000,24.25000,27.00000,26.25000,24.25000,,,,
2026-01-16T19:07:45+05:30,934,23.75000,23.75000,26.50000,26.00000,23.75000,,,,
2026-01-16T19:08:05+05:30,935,23.25000,24.00000,27.00000,26.50000,24.50000,,,,
2026-01-16T19:08:26+05:30,936,23.25000,24.25000,27.00000,26.25000,24.25000,,,,
2026-01-16T19:08:47+05:30,937,23.50000,24.25000,27.00000,25.75000,24.25000,,,,
2026-01-16T19:09:08+05:30,938,23.50000,23.75000,27.00000,26.50000,24.00000,,,,
2026-01-16T19:09:29+05:30,939,23.75000,24.25000,26.75000,26.50000,24.25000,,,,
2026-01-16T19:09:50+05:30,940,23.00000,24.50000,26.75000,26.25000,24.50000,,,,
2026-01-16T19:10:11+05:30,941,23.25000,24.25000,26.75000,26.75000,24.25000,,,,
2026-01-16T19:10:32+05:30,942,23.00000,24.25000,26.75000,26.00000,24.25000,,,,
2026-01-16T19:10:53+05:30,943,23.25000,24.00000,27.00000,26.50000,24.25000,,,,
2026-01-16T19:11:13+05:30,944,23.50000,24.25000,26.00000,26.50000,24.75000,,,,
2026-01-16T19:11:34+05:30,945,23.75000,24.00000,26.75000,26.50000,24.25000,,,,
2026-01-16T19:11:55+05:30,946,23.00000,24.00000,27.00000,26.50000,24.25000,,,,
2026-01-16T19:12:16+05:30,947,24.00000,24.00000,27.00000,26.25000,24.25000,,,,
2026-01-16T19:12:37+05:30,948,23.25000,23.75000,27.00000,26.50000,24.25000,,,,
2026-01-16T19:12:58+05:30,949,23.50000,24.25000,26.75000,26.25000,24.50000,,,,
2026-01-16T19:13:19+05:30,950,23.25000,24.00000,26.50000,26.50000,24.00000,,,,
2026-01-16T19:13:40+05:30,951,23.50000,24.25000,26.75000,26.25000,24.25000,,,,
2026-01-16T19:14:01+05:30,952,23.25000,24.50000,26.75000,26.50000,24.75000,,,,
2026-01-16T19:14:21+05:30,953,24.00000,24.50000,27.00000,26.00000,23.75000,,,,
2026-01-16T19:14:42+05:30,954,23.50000,24.25000,26.50000,26.75000,23.75000,,,,
2026-01-16T19:15:03+05:30,955,23.25000,24.50000,27.00000,26.50000,24.00000,,,,
2026-01-16T19:15:24+05:30,956,23.50000,24.25000,26.75000,26.50000,24.50000,,,,
2026-01-16T19:15:45+05:30,957,23.50000,23.75000,27.00000,26.50000,24.50000,,,,
2026-01-16T19:16:06+05:30,958,23.50000,24.25000,27.00000,26.50000,24.50000,,,,
2026-01-16T19:16:27+05:30,959,23.50000,24.25000,27.00000,26.50000,24.50000,,,,
2026-01-16T19:16:48+05:30,960,23.75000,24.25000,26.50000,26.50000,24.50000,,,,
2026-01-16T19:17:09+05:30,961,23.50000,24.00000,26.75000,26.75000,24.50000,,,,
2026-01-16T19:17:30+05:30,962,22.75000,24.25000,26.00000,26.50000,24.25000,,,,
2026-01-16T19:17:50+05:30,963,23.50000,24.00000,26.50000,26.25000,24.25000,,,,
2026-01-16T19:18:11+05:30,964,23.75000,24.00000,26.50000,26.50000,24.50000,,,,
2026-01-16T19:18:32+05:30,965,23.50000,24.00000,26.25000,26.75000,24.25000,,,,
2026-01-16T19:18:53+05:30,966,23.50000,23.75000,26.25000,26.50000,24.00000,,,,
2026-01-16T19:19:14+05:30,967,23.75000,24.25000,27.00000,26.75000,24.25000,,,,
2026-01-16T19:19:35+05:30,968,23.75000,24.00000,26.75000,26.75000,24.50000,,,,
2026-01-16T19:19:56+05:30,969,23.25000,24.25000,26.75000,26.00000,24.25000,,,,
2026-01-16T19:20:17+05:30,970,23.25000,23.50000,26.25000,26.25000,24.75000,,,,
2026-01-16T19:20:38+05:30,971,23.75000,23.75000,26.50000,26.50000,24.25000,,,,
2026-01-16T19:20:58+05:30,972,23.25000,23.75000,26.75000,26.50000,24.50000,,,,
2026-01-16T19:21:19+05:30,973,23.25000,24.00000,27.00000,26.50000,24.50000,,,,
2026-01-16T19:21:40+05:30,974,23.50000,23.75000,26.75000,26.50000,24.00000,,,,
2026-01-16T19:22:01+05:30,975,23.75000,23.75000,26.50000,26.50000,24.25000,,,,
2026-01-16T19:22:22+05:30,976,23.25000,24.25000,26.75000,26.50000,23.75000,,,,
2026-01-16T19:22:43+05:30,977,23.25000,24.50000,26.25000,27.00000,24.25000,,,,
2026-01-16T19:23:04+05:30,978,23.75000,24.25000,26.25000,26.50000,24.25000,,,,
2026-01-16T19:23:25+05:30,979,22.75000,23.75000,26.50000,26.50000,24.25000,,,,
2026-01-16T19:23:46+05:30,980,23.75000,24.00000,26.00000,26.50000,24.00000,,,,
2026-01-16T19:24:07+05:30,981,23.75000,24.25000,26.25000,26.50000,24.25000,,,,
2026-01-16T19:24:27+05:30,982,23.75000,24.25000,26.50000,26.25000,24.50000,,,,
2026-01-16T19:24:48+05:30,983,23.75000,23.75000,26.25000,26.75000,24.25000,,,,
2026-01-16T19:25:09+05:30,984,23.75000,24.25000,26.50000,26.50000,24.50000,,,,
2026-01-16T19:25:30+05:30,985,23.00000,23.50000,26.75000,26.50000,23.75000,,,,
2026-01-16T19:25:51+05:30,986,23.50000,23.75000,26.75000,26.50000,24.25000,,,,
2026-01-16T19:26:12+05:30,987,23.25000,24.25000,26.50000,26.00000,24.25000,,,,
2026-01-16T19:26:33+05:30,988,23.00000,23.75000,26.25000,26.00000,24.25000,,,,
2026-01-16T19:26:54+05:30,989,23.75000,24.00000,26.75000,26.25000,24.00000,,,,
2026-01-16T19:27:15+05:30,990,23.75000,24.25000,26.75000,26.25000,24.25000,,,,
2026-01-16T19:27:35+05:30,991,23.75000,23.75000,26.50000,26.25000,24.25000,,,,
2026-01-16T19:27:56+05:30,992,23.75000,24.25000,26.50000,26.50000,24.00000,,,,
2026-01-16T19:28:17+05:30,993,23.25000,24.00000,26.25000,26.25000,23.75000,,,,
2026-01-16T19:28:38+05:30,994,23.50000,24.25000,26.00000,26.25000,24.25000,,,,
2026-01-16T19:28:59+05:30,995,22.75000,24.00000,26.50000,26.00000,24.00000,,,,
2026-01-16T19:29:21+05:30,996,23.50000,24.25000,26.50000,26.50000,23.75000,,,,
2026-01-16T19:29:42+05:30,997,23.25000,24.25000,26.50000,26.25000,23.75000,,,,
2026-01-16T19:30:03+05:30,998,23.50000,24.00000,26.50000,26.00000,24.00000,,,,
2026-01-16T19:30:24+05:30,999,23.00000,23.75000,26.25000,26.75000,24.00000,,,,
2026-01-16T19:30:45+05:30,1000,23.50000,24.00000,26.50000,26.25000,24.50000,,,,
2026-01-16T19:31:06+05:30,1001,23.75000,24.00000,26.50000,26.25000,24.25000,,,,
2026-01-16T19:31:27+05:30,1002,23.75000,24.25000,26.75000,26.50000,24.00000,,,,
2026-01-16T19:31:48+05:30,1003,23.25000,23.75000,26.75000,26.25000,23.75000,,,,
2026-01-16T19:32:08+05:30,1004,23.75000,23.50000,26.00000,26.75000,24.00000,,,,
2026-01-16T19:32:29+05:30,1005,23.50000,24.25000,26.50000,26.75000,24.25000,,,,
2026-01-16T19:32:50+05:30,1006,23.75000,23.75000,26.75000,26.50000,23.50000,,,,
2026-01-16T19:33:11+05:30,1007,23.50000,23.75000,26.75000,26.50000,23.75000,,,,
2026-01-16T19:33:32+05:30,1008,23.50000,23.75000,26.50000,26.25000,23.50000,,,,
2026-01-16T19:33:53+05:30,1009,23.50000,24.00000,26.25000,26.50000,23.75000,,,,
2026-01-16T19:34:14+05:30,1010,23.00000,24.25000,26.50000,26.00000,24.00000,,,,
2026-01-16T19:34:35+05:30,1011,23.00000,24.25000,26.25000,26.25000,24.25000,,,,
2026-01-16T19:34:56+05:30,1012,23.50000,23.75000,26.50000,26.50000,24.25000,,,,
2026-01-16T19:35:17+05:30,1013,23.25000,23.75000,26.00000,26.50000,24.00000,,,,
2026-01-16T19:35:38+05:30,1014,23.75000,24.00000,26.25000,26.50000,23.50000,,,,
2026-01-16T19:35:58+05:30,1015,22.75000,24.00000,26.25000,26.25000,24.00000,,,,
2026-01-16T19:36:19+05:30,1016,23.50000,23.75000,26.00000,26.50000,23.50000,,,,
2026-01-16T19:36:40+05:30,1017,23.25000,24.00000,26.50000,26.50000,24.00000,,,,
2026-01-16T19:37:01+05:30,1018,23.50000,24.25000,26.50000,26.25000,24.00000,,,,
2026-01-16T19:37:22+05:30,1019,23.75000,24.50000,26.25000,26.00000,24.25000,,,,
2026-01-16T19:37:43+05:30,1020,23.75000,24.00000,26.00000,26.25000,23.75000,,,,
2026-01-16T19:38:04+05:30,1021,23.75000,23.75000,26.00000,26.50000,24.25000,,,,
2026-01-16T19:38:25+05:30,1022,23.25000,24.00000,26.00000,26.25000,24.00000,,,,
2026-01-16T19:38:46+05:30,1023,23.00000,23.75000,25.75000,26.50000,23.50000,,,,
2026-01-16T19:39:07+05:30,1024,23.50000,23.75000,26.25000,26.25000,23.75000,,,,
2026-01-16T19:39:27+05:30,1025,23.50000,23.75000,26.00000,26.00000,24.00000,,,,
2026-01-16T19:39:48+05:30,1026,23.50000,23.75000,26.00000,26.25000,24.00000,,,,
2026-01-16T19:40:09+05:30,1027,23.25000,24.00000,26.25000,26.25000,24.00000,,,,
2026-01-16T19:40:30+05:30,1028,23.25000,23.75000,26.00000,26.25000,23.75000,,,,
2026-01-16T19:40:51+05:30,1029,23.25000,24.00000,26.25000,26.00000,24.50000,,,,
2026-01-16T19:41:12+05:30,1030,23.25000,24.25000,26.50000,26.00000,24.00000,,,,
2026-01-16T19:41:33+05:30,1031,23.50000,23.75000,26.50000,26.50000,24.00000,,,,
2026-01-16T19:41:54+05:30,1032,23.50000,24.00000,26.25000,26.50000,24.25000,,,,
2026-01-16T19:42:15+05:30,1033,23.50000,23.50000,26.25000,26.50000,24.50000,,,,
2026-01-16T19:42:36+05:30,1034,23.25000,23.75000,26.25000,26.25000,23.75000,,,,
2026-01-16T19:42:57+05:30,1035,22.75000,23.50000,26.25000,26.25000,24.25000,,,,
2026-01-16T19:43:17+05:30,1036,23.50000,23.75000,26.00000,26.25000,24.00000,,,,
2026-01-16T19:43:38+05:30,1037,23.50000,24.25000,26.00000,26.50000,24.00000,,,,
2026-01-16T19:43:59+05:30,1038,23.50000,24.00000,25.75000,26.50000,24.00000,,,,
2026-01-16T19:44:20+05:30,1039,23.25000,24.00000,26.00000,26.50000,24.25000,,,,
2026-01-16T19:44:41+05:30,1040,23.25000,23.50000,26.25000,26.50000,24.00000,,,,
2026-01-16T19:45:02+05:30,1041,23.50000,23.75000,26.25000,26.75000,23.75000,,,,
2026-01-16T19:45:23+05:30,1042,23.75000,23.75000,26.75000,26.25000,23.75000,,,,
2026-01-16T19:45:44+05:30,1043,23.50000,23.75000,26.25000,26.50000,24.25000,,,,
2026-01-16T19:46:05+05:30,1044,23.75000,23.75000,26.25000,26.50000,24.00000,,,,
2026-01-16T19:46:25+05:30,1045,23.00000,24.00000,26.25000,26.25000,24.25000,,,,
2026-01-16T19:46:46+05:30,1046,23.50000,24.00000,26.25000,26.00000,24.00000,,,,
2026-01-16T19:47:07+05:30,1047,23.50000,23.75000,26.25000,26.25000,24.00000,,,,
2026-01-16T19:47:28+05:30,1048,23.50000,24.50000,26.25000,26.50000,23.75000,,,,
2026-01-16T19:47:49+05:30,1049,23.25000,23.75000,26.25000,25.75000,24.00000,,,,
2026-01-16T19:48:10+05:30,1050,23.75000,23.25000,26.25000,26.50000,24.00000,,,,
2026-01-16T19:48:31+05:30,1051,23.75000,24.00000,26.25000,26.25000,24.00000,,,,
2026-01-16T19:48:52+05:30,1052,23.25000,24.00000,26.50000,26.00000,24.00000,,,,
2026-01-16T19:49:13+05:30,1053,23.00000,23.75000,25.75000,26.25000,24.25000,,,,
2026-01-16T19:49:34+05:30,1054,23.25000,23.00000,26.00000,26.25000,23.75000,,,,
2026-01-16T19:49:55+05:30,1055,23.50000,24.00000,26.00000,25.75000,24.00000,,,,
2026-01-16T19:50:15+05:30,1056,23.75000,24.00000,26.50000,26.00000,24.25000,,,,
2026-01-16T19:50:36+05:30,1057,23.50000,23.75000,25.75000,26.25000,24.00000,,,,
2026-01-16T19:50:57+05:30,1058,23.50000,24.00000,26.25000,26.25000,24.00000,,,,
2026-01-16T19:51:18+05:30,1059,23.50000,24.00000,25.75000,26.25000,24.25000,,,,
2026-01-16T19:51:39+05:30,1060,23.00000,24.25000,25.75000,26.50000,24.00000,,,,
2026-01-16T19:52:00+05:30,1061,23.50000,24.00000,25.50000,26.25000,23.50000,,,,
2026-01-16T19:52:21+05:30,1062,22.50000,24.00000,25.75000,26.00000,23.50000,,,,
2026-01-16T19:52:42+05:30,1063,23.25000,23.50000,25.75000,26.50000,24.00000,,,,
2026-01-16T19:53:03+05:30,1064,23.00000,24.00000,26.25000,26.25000,23.50000,,,,
2026-01-16T19:53:24+05:30,1065,23.50000,23.75000,26.25000,26.25000,23.25000,,,,
2026-01-16T19:53:45+05:30,1066,23.75000,24.00000,26.25000,26.00000,24.00000,,,,
2026-01-16T19:54:05+05:30,1067,23.75000,24.00000,25.75000,26.00000,24.00000,,,,
2026-01-16T19:54:26+05:30,1068,23.00000,24.25000,26.25000,25.75000,23.25000,,,,
2026-01-16T19:54:47+05:30,1069,23.25000,23.75000,26.25000,26.25000,23.75000,,,,
2026-01-16T19:55:08+05:30,1070,23.75000,24.00000,25.75000,26.25000,24.00000,,,,
2026-01-16T19:55:29+05:30,1071,23.50000,24.00000,25.75000,26.00000,23.75000,,,,
2026-01-16T19:55:50+05:30,1072,23.50000,24.25000,26.25000,25.75000,23.75000,,,,
2026-01-16T19:56:11+05:30,1073,23.75000,24.00000,25.50000,25.75000,24.00000,,,,
2026-01-16T19:56:32+05:30,1074,23.75000,24.00000,26.25000,26.25000,23.75000,,,,
2026-01-16T19:56:53+05:30,1075,23.50000,23.75000,25.50000,26.00000,24.00000,,,,
2026-01-16T19:57:14+05:30,1076,23.00000,24.25000,26.00000,26.25000,23.50000,,,,
2026-01-16T19:57:35+05:30,1077,23.75000,23.50000,26.00000,26.00000,24.25000,,,,
2026-01-16T19:57:55+05:30,1078,23.50000,24.25000,26.25000,26.25000,24.25000,,,,
2026-01-16T19:58:16+05:30,1079,22.75000,23.50000,26.00000,26.50000,24.00000,,,,
2026-01-16T19:58:37+05:30,1080,23.75000,24.00000,26.00000,26.00000,24.25000,,,,
2026-01-16T19:58:58+05:30,1081,23.25000,24.00000,26.25000,26.25000,23.75000,,,,
2026-01-16T19:59:19+05:30,1082,23.50000,23.75000,26.25000,25.75000,24.00000,,,,
2026-01-16T19:59:40+05:30,1083,23.75000,24.00000,25.75000,26.00000,24.25000,,,,
2026-01-16T20:00:03+05:30,1084,23.75000,23.50000,26.00000,26.25000,24.25000,,,,
2026-01-16T20:00:24+05:30,1085,23.75000,24.00000,25.75000,26.00000,24.00000,,,,
2026-01-16T20:00:45+05:30,1086,23.25000,24.00000,26.00000,26.50000,23.75000,,,,
2026-01-16T20:01:06+05:30,1087,23.25000,23.75000,26.00000,26.00000,23.75000,,,,
2026-01-16T20:01:28+05:30,1088,23.25000,23.50000,25.00000,26.00000,23.75000,,,,
2026-01-16T20:01:49+05:30,1089,23.25000,24.00000,26.00000,26.25000,24.00000,,,,
2026-01-16T20:02:10+05:30,1090,23.25000,23.75000,25.50000,26.25000,24.25000,,,,
2026-01-16T20:02:31+05:30,1091,23.75000,23.75000,26.00000,25.75000,23.75000,,,,
2026-01-16T20:02:51+05:30,1092,23.50000,23.75000,25.75000,26.25000,23.75000,,,,
2026-01-16T20:03:12+05:30,1093,23.25000,23.75000,26.00000,26.00000,24.00000,,,,
2026-01-16T20:03:33+05:30,1094,23.25000,24.25000,26.00000,26.25000,24.00000,,,,
2026-01-16T20:03:54+05:30,1095,23.25000,24.25000,26.25000,26.00000,23.75000,,,,
2026-01-16T20:04:15+05:30,1096,23.25000,24.25000,26.25000,25.75000,23.25000,,,,
2026-01-16T20:04:36+05:30,1097,23.50000,24.00000,26.25000,26.00000,24.00000,,,,
2026-01-16T20:04:57+05:30,1098,23.75000,23.75000,25.50000,26.25000,24.00000,,,,
2026-01-16T20:05:18+05:30,1099,23.50000,23.50000,25.75000,26.00000,23.25000,,,,
2026-01-16T20:05:39+05:30,1100,23.25000,23.75000,26.25000,25.75000,24.00000,,,,
2026-01-16T20:05:59+05:30,1101,23.75000,23.50000,26.25000,26.00000,23.50000,,,,
2026-01-16T20:06:20+05:30,1102,23.75000,24.00000,26.00000,26.00000,23.75000,,,,
2026-01-16T20:06:41+05:30,1103,23.50000,23.75000,25.75000,26.00000,23.50000,,,,
2026-01-16T20:07:02+05:30,1104,23.25000,23.75000,26.00000,26.00000,24.00000,,,,
2026-01-16T20:07:23+05:30,1105,23.50000,23.75000,26.25000,25.75000,23.75000,,,,
2026-01-16T20:07:44+05:30,1106,23.25000,24.00000,26.00000,26.00000,23.50000,,,,
2026-01-16T20:08:05+05:30,1107,23.50000,23.75000,26.00000,26.00000,24.00000,,,,
2026-01-16T20:08:26+05:30,1108,23.50000,24.00000,26.00000,26.00000,23.75000,,,,
2026-01-16T20:08:47+05:30,1109,23.75000,23.75000,26.00000,26.00000,23.25000,,,,
2026-01-16T20:09:07+05:30,1110,23.50000,24.25000,26.00000,26.00000,24.25000,,,,
2026-01-16T20:09:28+05:30,1111,23.50000,24.25000,26.00000,26.00000,24.00000,,,,
2026-01-16T20:09:49+05:30,1112,23.50000,23.75000,25.75000,26.00000,23.25000,,,,
2026-01-16T20:10:10+05:30,1113,23.25000,24.00000,26.00000,26.00000,23.25000,,,,
2026-01-16T20:10:31+05:30,1114,23.25000,23.75000,25.75000,25.75000,24.25000,,,,
2026-01-16T20:10:52+05:30,1115,23.25000,24.00000,26.00000,25.50000,23.75000,,,,
2026-01-16T20:11:13+05:30,1116,23.50000,24.25000,26.00000,25.75000,23.50000,,,,
2026-01-16T20:11:34+05:30,1117,23.00000,23.75000,25.75000,26.25000,23.75000,,,,
2026-01-16T20:11:55+05:30,1118,23.50000,24.25000,25.50000,26.00000,24.00000,,,,
2026-01-16T20:12:16+05:30,1119,23.75000,24.00000,26.00000,26.00000,24.00000,,,,
2026-01-16T20:12:36+05:30,1120,23.75000,23.75000,26.25000,25.50000,24.00000,,,,
2026-01-16T20:12:57+05:30,1121,23.00000,24.00000,25.75000,25.50000,24.25000,,,,
2026-01-16T20:13:18+05:30,1122,23.25000,24.00000,25.75000,25.75000,24.00000,,,,
2026-01-16T20:13:39+05:30,1123,23.50000,23.75000,26.00000,26.00000,24.25000,,,,
2026-01-16T20:14:00+05:30,1124,23.75000,23.75000,25.50000,25.75000,23.75000,,,,
2026-01-16T20:14:21+05:30,1125,23.50000,23.50000,25.50000,25.75000,23.50000,,,,
2026-01-16T20:14:42+05:30,1126,23.50000,23.50000,25.75000,26.00000,24.25000,,,,
2026-01-16T20:15:03+05:30,1127,23.75000,24.00000,26.00000,26.00000,23.75000,,,,
2026-01-16T20:15:24+05:30,1128,23.25000,23.75000,25.50000,25.50000,23.75000,,,,
2026-01-16T20:15:44+05:30,1129,23.50000,24.00000,26.00000,26.00000,23.75000,,,,
2026-01-16T20:16:05+05:30,1130,23.50000,24.25000,26.00000,26.00000,23.00000,,,,
2026-01-16T20:16:26+05:30,1131,23.25000,24.00000,25.75000,26.00000,24.00000,,,,
2026-01-16T20:16:47+05:30,1132,23.50000,24.00000,25.75000,26.00000,23.50000,,,,
2026-01-16T20:17:08+05:30,1133,23.75000,24.00000,25.50000,26.00000,23.75000,,,,
2026-01-16T20:17:29+05:30,1134,23.50000,24.00000,25.75000,26.00000,24.00000,,,,
2026-01-16T20:17:50+05:30,1135,23.25000,23.75000,25.75000,25.75000,24.00000,,,,
2026-01-16T20:18:11+05:30,1136,23.00000,24.00000,25.75000,26.00000,23.25000,,,,
2026-01-16T20:18:32+05:30,1137,23.50000,24.25000,25.75000,26.00000,23.75000,,,,
2026-01-16T20:18:52+05:30,1138,23.00000,24.25000,25.75000,26.00000,23.50000,,,,
2026-01-16T20:19:13+05:30,1139,23.00000,24.00000,25.75000,26.00000,24.25000,,,,
2026-01-16T20:19:34+05:30,1140,23.50000,23.75000,25.75000,25.50000,23.25000,,,,
2026-01-16T20:19:55+05:30,1141,23.50000,23.50000,25.75000,26.00000,23.75000,,,,
2026-01-16T20:20:16+05:30,1142,23.75000,23.75000,25.25000,26.00000,23.50000,,,,
2026-01-16T20:20:37+05:30,1143,23.50000,24.25000,25.75000,26.00000,23.75000,,,,
2026-01-16T20:20:58+05:30,1144,22.50000,24.00000,25.75000,25.75000,24.00000,,,,
2026-01-16T20:21:19+05:30,1145,23.50000,23.50000,26.00000,25.75000,23.75000,,,,
2026-01-16T20:21:40+05:30,1146,23.50000,24.00000,26.00000,25.75000,23.75000,,,,
2026-01-16T20:22:01+05:30,1147,23.25000,23.50000,25.75000,25.75000,23.75000,,,,
2026-01-16T20:22:21+05:30,1148,23.25000,23.75000,25.25000,25.75000,23.75000,,,,
2026-01-16T20:22:42+05:30,1149,23.25000,23.25000,26.00000,26.00000,23.75000,,,,
2026-01-16T20:23:03+05:30,1150,23.50000,23.50000,25.75000,25.75000,23.25000,,,,
2026-01-16T20:23:24+05:30,1151,23.25000,24.00000,25.75000,26.00000,24.00000,,,,
2026-01-16T20:23:45+05:30,1152,23.75000,24.25000,25.25000,25.50000,23.75000,,,,
2026-01-16T20:24:06+05:30,1153,23.75000,24.00000,25.75000,26.00000,23.50000,,,,
2026-01-16T20:24:27+05:30,1154,23.75000,24.25000,25.25000,25.25000,24.00000,,,,
2026-01-16T20:24:48+05:30,1155,23.25000,24.00000,25.75000,26.00000,23.50000,,,,
2026-01-16T20:25:09+05:30,1156,23.50000,24.00000,25.75000,25.75000,23.50000,,,,
2026-01-16T20:25:30+05:30,1157,23.50000,23.75000,26.00000,25.75000,23.25000,,,,
2026-01-16T20:25:50+05:30,1158,23.75000,23.75000,25.75000,25.75000,23.75000,,,,
2026-01-16T20:26:11+05:30,1159,23.75000,24.00000,26.00000,26.00000,24.00000,,,,
2026-01-16T20:26:32+05:30,1160,23.00000,24.00000,25.75000,26.00000,23.00000,,,,
2026-01-16T20:26:53+05:30,1161,23.25000,23.50000,25.50000,25.50000,23.75000,,,,
2026-01-16T20:27:14+05:30,1162,23.50000,24.00000,25.75000,26.00000,23.75000,,,,
2026-01-16T20:27:35+05:30,1163,23.50000,24.00000,25.75000,25.75000,23.50000,,,,
2026-01-16T20:27:56+05:30,1164,23.50000,23.75000,25.25000,25.50000,23.75000,,,,
2026-01-16T20:28:17+05:30,1165,23.25000,23.75000,25.75000,26.00000,23.75000,,,,
2026-01-16T20:28:38+05:30,1166,23.50000,23.75000,25.75000,25.75000,23.50000,,,,
2026-01-16T20:28:59+05:30,1167,23.25000,24.00000,25.25000,26.25000,23.75000,,,,
2026-01-16T20:29:19+05:30,1168,23.50000,23.75000,26.00000,25.75000,23.75000,,,,
2026-01-16T20:29:40+05:30,1169,23.50000,23.75000,25.75000,26.00000,23.50000,,,,
2026-01-16T20:30:01+05:30,1170,23.25000,23.50000,25.75000,26.00000,24.25000,,,,
2026-01-16T20:30:22+05:30,1171,23.25000,24.00000,25.75000,25.50000,24.00000,,,,
2026-01-16T20:30:43+05:30,1172,23.50000,24.00000,25.50000,25.75000,23.50000,,,,
2026-01-16T20:31:04+05:30,1173,22.75000,23.50000,25.50000,25.50000,23.50000,,,,
2026-01-16T20:31:25+05:30,1174,23.25000,24.00000,25.50000,26.00000,23.50000,,,,
2026-01-16T20:31:46+05:30,1175,23.75000,24.00000,25.75000,25.75000,24.00000,,,,
2026-01-16T20:32:07+05:30,1176,23.50000,23.75000,25.75000,25.75000,23.75000,,,,
2026-01-16T20:32:28+05:30,1177,23.25000,23.75000,25.75000,26.00000,24.00000,,,,
2026-01-16T20:32:48+05:30,1178,23.50000,24.00000,25.75000,25.50000,24.00000,,,,
2026-01-16T20:33:10+05:30,1179,23.25000,24.00000,25.75000,25.75000,23.75000,,,,
2026-01-16T20:33:31+05:30,1180,23.50000,23.50000,25.75000,26.00000,23.75000,,,,
2026-01-16T20:33:52+05:30,1181,23.50000,24.00000,25.75000,25.50000,23.75000,,,,
2026-01-16T20:34:13+05:30,1182,23.50000,24.00000,25.50000,26.00000,23.75000,,,,
2026-01-16T20:34:34+05:30,1183,22.75000,23.75000,25.75000,25.75000,23.50000,,,,
2026-01-16T20:34:55+05:30,1184,23.50000,23.50000,25.50000,25.75000,23.50000,,,,
2026-01-16T20:35:16+05:30,1185,23.00000,23.75000,25.50000,25.50000,23.75000,,,,
2026-01-16T20:35:37+05:30,1186,23.25000,23.75000,25.50000,25.75000,23.50000,,,,
2026-01-16T20:35:58+05:30,1187,23.25000,23.75000,25.50000,26.00000,24.00000,,,,
2026-01-16T20:36:19+05:30,1188,23.00000,23.75000,25.25000,26.00000,23.50000,,,,
2026-01-16T20:36:40+05:30,1189,22.75000,24.00000,25.50000,25.50000,23.50000,,,,
2026-01-16T20:37:01+05:30,1190,23.25000,24.00000,25.75000,25.50000,23.50000,,,,
2026-01-16T20:37:24+05:30,1191,23.50000,23.50000,25.50000,25.00000,23.50000,,,,
2026-01-16T20:37:45+05:30,1192,23.25000,23.50000,25.50000,25.75000,23.50000,,,,
2026-01-16T20:38:06+05:30,1193,23.50000,24.00000,25.75000,25.75000,23.50000,,,,
2026-01-16T20:38:27+05:30,1194,23.00000,24.00000,25.75000,25.75000,23.50000,,,,
2026-01-16T20:38:48+05:30,1195,23.50000,24.00000,25.25000,25.50000,24.00000,,,,
2026-01-16T20:39:09+05:30,1196,23.50000,24.00000,25.75000,25.50000,23.75000,,,,
2026-01-16T20:39:30+05:30,1197,23.00000,23.75000,25.75000,26.00000,23.75000,,,,
2026-01-16T20:39:51+05:30,1198,23.00000,24.00000,25.50000,25.75000,23.75000,,,,
2026-01-16T20:40:12+05:30,1199,23.75000,24.00000,25.75000,25.75000,24.00000,,,,
2026-01-16T20:40:33+05:30,1200,23.50000,23.25000,25.75000,25.50000,23.75000,,,,
2026-01-16T20:40:54+05:30,1201,23.50000,23.75000,25.75000,25.75000,23.75000,,,,
2026-01-16T20:41:15+05:30,1202,23.75000,23.75000,25.75000,26.00000,23.50000,,,,
2026-01-16T20:41:36+05:30,1203,23.50000,24.00000,25.75000,25.50000,23.75000,,,,
2026-01-16T20:41:56+05:30,1204,23.50000,24.25000,25.75000,25.75000,23.75000,,,,
2026-01-16T20:42:17+05:30,1205,23.50000,24.00000,25.75000,26.00000,23.50000,,,,
2026-01-16T20:42:38+05:30,1206,23.25000,23.75000,25.50000,26.00000,23.75000,,,,
2026-01-16T20:42:59+05:30,1207,23.00000,24.00000,25.50000,25.50000,23.75000,,,,
2026-01-16T20:43:20+05:30,1208,23.50000,24.00000,25.00000,26.00000,23.75000,,,,
2026-01-16T20:43:41+05:30,1209,23.25000,24.00000,25.50000,25.50000,24.00000,,,,
2026-01-16T20:44:02+05:30,1210,23.50000,23.25000,25.75000,25.75000,23.75000,,,,
2026-01-16T20:44:23+05:30,1211,23.25000,23.25000,25.50000,25.50000,24.00000,,,,
2026-01-16T20:44:44+05:30,1212,23.25000,24.00000,25.50000,25.25000,24.00000,,,,
2026-01-16T20:45:04+05:30,1213,23.00000,23.50000,25.25000,25.50000,24.00000,,,,
2026-01-16T20:45:25+05:30,1214,23.00000,24.00000,25.75000,26.00000,24.00000,,,,
2026-01-16T20:45:46+05:30,1215,23.25000,24.00000,25.25000,25.25000,24.00000,,,,
2026-01-16T20:46:07+05:30,1216,23.25000,24.25000,25.75000,25.50000,23.50000,,,,
2026-01-16T20:46:28+05:30,1217,23.25000,24.00000,25.75000,25.75000,23.75000,,,,
2026-01-16T20:46:49+05:30,1218,23.25000,23.75000,25.50000,26.00000,23.50000,,,,
2026-01-16T20:47:10+05:30,1219,23.25000,23.75000,25.50000,25.50000,23.75000,,,,
2026-01-16T20:47:31+05:30,1220,23.00000,23.50000,25.75000,26.00000,23.75000,,,,
2026-01-16T20:47:52+05:30,1221,23.50000,24.00000,25.50000,25.75000,23.50000,,,,
2026-01-16T20:48:12+05:30,1222,23.50000,24.00000,25.25000,25.75000,23.50000,,,,
